resno,acc_2RH1,acc_3SN6
29,122,NA
30,164,204
31,126,130
32,129,166
33,42,88
34,98,100
35,39,24
36,56,56
37,13,16
38,100,93
39,75,71
40,17,12
41,75,73
42,107,115
43,40,26
44,30,35
45,112,118
46,56,50
47,1,1
48,30,42
49,114,108
50,9,11
51,1,0
52,63,58
53,24,26
54,0,2
55,39,39
56,58,57
57,0,0
58,5,9
59,68,72
60,121,156
61,52,28
62,169,92
63,156,35
64,3,2
65,63,79
66,58,68
67,15,44
68,20,42
69,18,17
70,39,57
71,1,18
72,3,13
73,34,30
74,6,7
75,1,3
76,1,3
77,48,47
78,0,0
79,4,0
80,32,32
81,55,52
82,2,0
83,0,0
84,102,108
85,17,20
86,0,0
87,0,0
88,39,31
89,54,95
90,4,5
91,8,7
92,23,47
93,36,57
94,50,67
95,35,84
96,109,83
97,146,90
98,73,51
99,0,9
100,71,115
101,74,57
102,26,19
103,59,15
104,150,139
105,63,110
106,17,15
107,37,50
108,64,69
109,21,40
110,12,23
111,0,0
112,16,21
113,19,17
114,26,27
115,25,29
116,1,2
117,11,8
118,4,0
119,0,0
120,2,0
121,0,0
122,28,35
123,2,1
124,2,1
125,13,11
126,32,22
127,1,8
128,0,0
129,53,47
130,11,9
131,26,39
132,81,43
133,97,85
134,0,0
135,1,0
136,54,8
137,8,40
138,115,0
139,138,6
140,105,84
141,52,24
142,136,60
143,20,57
144,94,107
145,48,66
146,71,64
147,83,71
148,113,118
149,105,34
150,0,8
151,129,111
152,81,91
153,64,67
154,29,32
155,102,110
156,103,115
157,12,6
158,62,65
159,84,78
160,66,47
161,0,0
162,16,13
163,103,97
164,38,24
165,0,0
166,48,63
167,79,81
168,15,11
169,0,4
170,68,67
171,111,115
172,71,126
173,153,165
174,16,29
175,76,73
176,11,NA
177,135,NA
178,86,NA
179,129,167
180,134,170
181,0,34
182,72,109
183,92,89
184,7,14
185,31,58
186,82,74
187,85,109
188,124,113
189,44,74
190,27,53
191,8,15
192,49,59
193,85,65
194,48,35
195,40,52
196,49,51
197,128,119
198,72,72
199,23,35
200,14,5
201,71,67
202,53,54
203,20,16
204,3,1
205,73,75
206,78,50
207,7,1
208,1,0
209,40,54
210,71,64
211,10,1
212,14,30
213,97,96
214,74,67
215,4,0
216,77,68
217,115,130
218,22,7
219,9,11
220,49,60
221,107,95
222,0,2
223,70,75
224,108,112
225,41,11
226,6,0
227,128,121
228,158,93
229,53,0
230,121,36
231,NA,120
232,NA,63
233,NA,12
234,NA,107
235,NA,141
236,NA,43
237,NA,74
238,NA,77
239,NA,132
263,153,NA
264,60,NA
265,106,130
266,76,170
267,175,66
268,59,99
269,5,60
270,103,61
271,54,4
272,4,47
273,83,157
274,13,27
275,18,22
276,17,47
277,56,74
278,2,12
279,6,34
280,29,22
281,34,28
282,4,2
283,21,40
284,133,124
285,14,8
286,5,0
287,51,46
288,45,49
289,17,8
290,19,11
291,79,70
292,8,26
293,27,19
294,56,37
295,42,58
296,28,57
297,20,31
298,141,131
299,119,47
300,88,128
301,139,93
302,121,72
303,50,35
304,153,55
305,132,107
306,123,73
307,61,59
308,61,35
309,58,73
310,107,108
311,30,17
312,28,23
313,26,27
314,67,63
315,0,0
316,7,7
317,40,36
318,1,3
319,2,0
320,13,11
321,76,81
322,3,5
323,10,16
324,122,119
325,21,29
326,7,20
327,47,5
328,94,166
329,26,38
330,74,95
331,51,80
332,12,1
333,123,48
334,80,98
335,4,4
336,13,32
337,81,134
338,94,131
339,35,62
340,75,102
341,122,162
342,155,NA
