biosensor,EC50,amplitude,pre,post,EC50_raw,amplitude_raw,pre_raw,post_raw,curation,GPCRdb,expression,mutation,amino_acid,SSE,adrenaline,Gprotein,cholesterol,modulation,location
Gs,0.26905135951085796,1.0372969166752832,0.01261849750314368,0.00983699523838399,-6.771227472765093,0.07352105799412534,0.3825784273070367,0.30905736931291133,1,N-term,115.2,G2A,2,N-term,0,0,0,NA,other
Gs,-0.290665595604709,1.117713748614864,0.00771993079965066,6.024240863403326e-4,-7.33094442788066,0.071031314384755,0.322782372803301,0.251751058418546,1,N-term,101.2,Q3A,3,N-term,0,0,0,NA,other
Gs,-0.1480594366021757,1.0448866968201274,-8.559324558326716e-4,-0.00334828763794866,-7.188338268878127,0.06640616285356066,0.31420650954781765,0.24780034669425705,1,N-term,88.5,P4A,4,N-term,0,0,0,NA,other
Gs,-0.5128762081653825,1.0482001322182295,7.408214829796589e-4,-0.00234902168372866,-7.553155040441333,0.067003650838153,0.31580326348663,0.248799612648477,1,N-term,112.1,G5A,5,N-term,0,0,0,NA,other
Gs,-0.17795103945542548,1.170559525634155,0.02067217584487133,0.01032991655478299,-7.218229871731377,0.07425606696153302,0.33573461784852165,0.2614785508869887,1,N-term,86.7,N6A,6,N-term,0,0,0,NA,other
Gs,0.1404571930279713,0.8910566543499882,0.00221626619098299,0.010347385062584,-6.89982163924798,0.061069811713404,0.32239318028450664,0.26132336857110267,1,N-term,97.9,G7A,7,N-term,0,0,0,NA,other
Gs,-0.03540954323584581,0.5445509748732347,-0.01924378481718767,0.01307655827198298,-7.075688375511797,0.03688058749583434,0.300933129276336,0.26405254178050164,1,N-term,59.5,S8A,8,N-term,0,0,0,NA,other
Gs,-0.17599082644987374,0.94280046568309,0.00510474360603874,0.01022963227508748,-7.216269658725825,0.06121411329219325,0.32327092294481075,0.26205680965261746,1,N-term,116.1,A9G,9,N-term,0,0,0,NA,other
Gs,-0.14186033767373374,1.1739036994928502,0.03305917299096049,0.02305601986918774,-7.182139169949685,0.07634215508301474,0.3512253523297325,0.2748831972467177,1,N-term,97.7,F10A,10,N-term,0,0,0,NA,other
Gs,-0.2752475426813863,1.0796234624305954,0.00462701963380249,5.6370842484324e-4,-7.315526374957337,0.07040231317020125,0.3227931989725745,0.25239088580237323,1,N-term,94.2,L11A,11,N-term,0,0,0,NA,other
Gs,0.07149457345616872,1.1792887339416755,0.00532951550469724,-0.0048334066146665,-6.968784258819783,0.07650192408060574,0.32349569484346924,0.2469937707628635,1,N-term,71.9,L12A,12,N-term,0,0,0,NA,other
Gs,0.06349296142945882,1.0436810389430522,-0.00134817560684274,-0.00353041926959499,-6.976785870846492,0.06852124562399425,0.31681800373192925,0.248296758107935,1,N-term,79.7,A13G,13,N-term,0,0,0,NA,other
Gs,0.04525526273552435,1.062412712532391,0.01905833033903766,0.01488377575645064,-6.995023569540427,0.07491411031195266,0.3890182601429306,0.314104149830978,1,N-term,111.2,P14A,14,N-term,0,0,0,NA,other
Gs,0.00542635297493365,0.9509250359194932,0.01085735403575526,0.01539010314958648,-7.034852479301017,0.06180625284741077,0.3290235333745273,0.26721728052711646,1,N-term,55.6,N15A,15,N-term,0,0,0,NA,other
Gs,0.23596313554763104,0.7794318639216107,-0.025455270874939,-0.009546276952767,-6.80431569672832,0.05043000803907,0.292710908463833,0.242280900424763,1,N-term,91.6,R16A,16,N-term,0,0,0,NA,other
Gs,-0.2106261711494339,0.9486535133581896,-0.00276883317392225,0.00201235221508674,-7.250905003425385,0.061557816572233,0.31539734616484977,0.25383952959261674,1,N-term,70.3,S17A,17,N-term,0,0,0,NA,other
Gs,0.05836761320628847,0.8999066644632804,0.00167291731299824,0.00972193914042399,-6.981911219069662,0.05828998013381625,0.31983909665177024,0.261549116517954,1,N-term,100.7,H18A,18,N-term,0,0,0,NA,other
Gs,0.35979174114230106,0.8661330553757293,3.61889827888498e-4,0.01034499484341425,-6.68048709113365,0.05635589694571624,0.3185280691666605,0.26217217222094424,1,N-term,103.3,A19G,19,N-term,0,0,0,NA,other
Gs,0.1875151855846986,0.897386422651813,-0.00582020109849175,0.00221981087229074,-6.852763646691253,0.0582989899904595,0.31234597824028026,0.25404698824982075,1,N-term,100.2,P20A,20,N-term,0,0,0,NA,other
Gs,0.3207249825620509,0.8544987550637497,-0.00180783696071834,0.01009032369558266,-6.7195538497139005,0.05455267519046433,0.316711744019004,0.2621590688285397,1,N-term,105.5,D21A,21,N-term,0,0,0,NA,other
Gs,-0.2239213165737239,0.9505530400010896,0.00217958148392724,0.00669863361485173,-7.264200148849675,0.06181994983031751,0.3203457608226993,0.25852581099238175,1,N-term,92.4,H22A,22,N-term,0,0,0,NA,other
Gs,-0.074698188272456445,0.9311741258109278,-0.00875674729062074,-0.003006096194328,-7.114977020548407,0.06058835086494926,0.30940943204815125,0.248821081183202,1,N-term,89.3,D23A,23,N-term,0,0,0,NA,other
Gs,0.02095313510808871,1.0375998259202677,-0.00951500284525999,-0.01037583781216375,-7.019325697167862,0.06719983692814577,0.30865117649351204,0.24145133956536624,1,N-term,88.4,V24A,24,N-term,0,0,0,NA,other
Gs,-0.07858343903940912,0.970042382586155,-0.00177417934581326,0.00149315205819423,-7.11886227131536,0.06307167055723449,0.31639199999295875,0.25332032943572425,1,N-term,82.6,T25A,25,N-term,0,0,0,NA,other
Gs,-0.07787907121467885,1.1215573879322858,0.01850899328439033,0.00972557117640967,-7.11815790349063,0.07952297783734631,0.38846892308828335,0.308945945250937,1,1x25,110.1,Q26A,26,TM1,0,0,0,NA,core
Gs,-0.1075203714820363,1.112231308223935,0.048605964840669993,0.03988480239020826,-7.147799203757987,0.09020399562583024,0.3929228280826592,0.302718832456829,1,1x26,78.7,Q27A,27,TM1,0,0,0,NA,core
Gs,-0.22446144809547144,1.0426356603168874,0.00395558004256624,6.975331178494942e-4,-7.264740280371423,0.08474088010008525,0.3482724432845555,0.26353156318447024,1,1x27,93.7,R28A,28,TM1,0,0,0,NA,core
Gs,-0.22877741366059912,1.0394086551843795,0.02093097522422973,0.01796081229650126,-7.26905624593655,0.08445299610309698,0.365247838466219,0.280794842363122,1,1x28,82.8,D29A,29,TM1,0,0,0,NA,core
Gs,-0.09956253455242405,0.9910780068215584,0.008242458980193,0.00916043280895449,-7.139841366828375,0.08056485934660701,0.3525593222221822,0.27199446287557527,1,1x29,84.9,E30A,30,TM1,0,0,0,NA,core
Gs,-0.27535133922372634,1.0272651827509487,0.01205097891357724,0.01004140608965575,-7.315630171499677,0.08349240599928999,0.3563678421555665,0.2728754361562765,1,1x30,93.5,V31A,31,TM1,0,0,0,NA,core
Gs,0.0638603272128162,0.9596226562134664,-0.0034612856443115,3.4147801441723746e-4,-6.976418505063135,0.07768006951663976,0.34085557759767776,0.26317550808103796,1,1x31,72,W32A,32,TM1,0,0,0,NA,core
Gs,-0.05726188965422141,0.9934978295211688,-0.002794315963576,-0.00190861773723649,-7.097540721930173,0.080597134949029,0.34152254727841325,0.26092541232938427,1,1x32,96.6,V33A,33,TM1,0,0,0,NA,core
Gs,-0.04761813071581144,0.9406976096745876,0.01336084369943074,0.017943192865476,-7.0878969629917625,0.07690048400932324,0.35767770694142,0.2807772229320967,1,1x33,76.5,V34A,34,TM1,0,0,0,NA,core
Gs,-0.13493786355639403,0.967063430419633,0.00783189341841723,0.01047540894645675,-7.175216695832345,0.07883931764732899,0.35214875666040646,0.27330943901307747,1,1x34,104.4,G35A,35,TM1,0,0,0,NA,core
Gs,0.33262536662678843,0.9288988550005416,0.00654785196637298,0.01237790157330275,-6.707653465649162,0.07565278356843874,0.35086471520836227,0.2752119316399235,1,1x35,77.3,M36A,36,TM1,0,0,0,NA,core
Gs,0.20439793309484452,0.91145644950841,0.00176621684722433,0.00867884794563667,-6.835880899181107,0.07601544963620266,0.3470573263836753,0.27104187674747265,1,1x36,108.6,G37A,37,TM1,0,0,0,NA,core
Gs,0.27447250611971735,0.9757754259145192,0.00956501714977268,0.01164965783328297,-6.765806326156234,0.06865491504585536,0.3795249469536657,0.3108700319078103,1,1x37,80.8,I38A,38,TM1,0,0,0,NA,core
Gs,-0.07031411913163144,0.9744666596748566,0.00872271724911225,0.01113903830627025,-7.1105929514075825,0.0790665121182105,0.3530395804911015,0.273973068372891,1,1x38,77.8,V39A,39,TM1,0,0,0,NA,core
Gs,0.2255561481762487,1.0150493922137025,0.01812198550069724,0.01718180070642876,-6.814722684099703,0.08242301796963698,0.3624388487426865,0.2800158307730495,1,1x39,77.9,M40A,40,TM1,0,0,0,NA,core
Gs,-0.10196852528286904,1.0426964025894192,0.01600386567068099,0.01258134990173999,-7.14224735755882,0.0849053489443095,0.36032072891267025,0.27541537996836074,1,1x40,85.6,S41A,41,TM1,0,0,0,NA,core
Gs,-0.2204552113458038,0.9695291828217174,0.01210400268166324,0.01495536732651973,-7.260734043621755,0.078631468530512,0.3564208659236525,0.27778939739314046,1,1x41,96.2,L42A,42,TM1,0,0,0,NA,core
Gs,0.14388718121508104,0.9750664439028502,0.01500292186535998,0.0178404889005995,-6.8963916510608705,0.07864526614012898,0.35931978510734924,0.28067451896722023,1,1x42,80.3,I43A,43,TM1,0,0,0,NA,core
Gs,0.0717119466994675,0.7742942907377723,-0.00929551781318965,0.00954789322096301,-6.968566885576483,0.06086653930869899,0.329524733722724,0.268658194414025,1,1x43,83.6,V44A,44,TM1,0,0,0,NA,core
Gs,-0.5066067205779612,0.9506056157324836,0.01751292551887524,0.02187632585205776,-7.546885552853912,0.07711943284218599,0.36182978876086447,0.2847103559186785,1,1x44,86.1,L45A,45,TM1,0,0,0,NA,core
Gs,0.11871794562886606,0.8206303496402138,0.003577545188726,0.01794964939411225,-6.921560886647085,0.06711072896998226,0.3478944084307153,0.280783679460733,1,1x45,93.4,A46G,46,TM1,0,0,0,NA,core
Gs,-0.13012187445181644,0.903091547133682,0.00824176346557824,0.01642731251314901,-7.170400706727768,0.07329728412779773,0.3525586267075675,0.27926134257976976,1,1x46,78.9,I47A,47,TM1,0,0,0,NA,core
Gs,0.3417691894418262,0.8456631916792519,-0.00267503872792025,0.00992297787116125,-6.698509642834125,0.06888481657628699,0.341641824514069,0.272757007937782,1,1x47,90.6,V48A,48,TM1,0,0,0,NA,core
Gs,-0.14978558398752875,0.7057861245265211,-0.01511169139635367,0.00882495193762498,-7.19006441626348,0.05899143740063634,0.3301794181400973,0.271187980739461,1,1x48,90.7,F49A,49,TM1,0,0,0,NA,core
Gs,-0.1210484084870756,0.7884928479772122,0.01206026217222968,0.02669535841389799,-7.161327240763026,0.05610445948769734,0.3820201919761227,0.3259157324884253,1,1x49,64.6,G50A,50,TM1,0,0,0,NA,core
Gs,0.956991646546848,0.3793535324680705,0.01167713932168999,0.063534120161377,-6.0832871857291035,0.03134716216462533,0.37272487847314434,0.341377716308519,1,1x50,18.8,N51A,51,TM1,0,0,0,NA,core
Gs,-0.20930864675513897,0.989137624935657,0.01104131873884065,0.01281999235641099,-7.24958747903109,0.081425469386742,0.372089057890295,0.290663588503553,1,1x51,103.3,V52A,52,TM1,0,0,0,NA,core
Gs,0.0911694037265877,0.8739154450541124,0.01060710193415431,0.02122917800832665,-6.949109428549363,0.07258206693014001,0.37165484108560864,0.2990727741554687,1,1x52,78.8,L53A,53,TM1,0,0,0,NA,core
Gs,0.35309824847305765,0.9363623646344053,0.01703627989302232,0.02291651406874166,-6.687180583802894,0.07732390882859301,0.3780840190444767,0.30076011021588367,1,1x53,73.2,V54A,54,TM1,0,0,0,neutral,core
Gs,0.9262570841037446,0.42603298487446384,0.03008126899845733,0.07803244080194799,-6.114021748172206,0.03525297120082168,0.3911290081499117,0.35587603694909,1,1x54,14.5,I55A,55,TM1,0,0,1,NA,core
Gs,0.03219167221893778,1.0506989931980046,0.01361142444913164,0.00967402040734964,-7.008087160057014,0.08714154704609434,0.374659163600586,0.28751761655449165,1,1x55,90.5,T56A,56,TM1,0,0,0,NA,core
Gs,0.8638845033444978,0.9617349665664086,0.02923113870533731,0.03214012289008633,-6.176394328931453,0.08029515881956333,0.39027887785679166,0.3099837190372283,1,1x56,38.2,A57G,57,TM1,0,0,0,NA,core
Gs,0.5764931971618976,0.6260094558636615,0.02061511983082331,0.05255086685988799,-6.4637856351140535,0.05126839597524766,0.3816628589822776,0.33039446300703,1,1x57,29.8,I58A,58,TM1,0,0,1,neutral,core
Gs,0.7001525265025013,0.9102245298343522,8.054302260249909e-4,0.00833848133462563,-6.34012630577345,0.0756710918957117,0.36185316937747936,0.28618207748176766,1,1x58,62,A59G,59,TM1,0,0,1,NA,core
Gs,1.0473941226319077,0.6764733354282141,-0.00133569448233702,0.02613804756261898,-5.992884709644043,0.05573040095935633,0.3597120446691173,0.303981643709761,1,1x59,36.7,K60A,60,TM1,0,0,0,NA,core
Gs,0.4288539394122208,0.8455955406808842,0.02208722738049266,0.03555194506497666,-6.61142489286373,0.06973942531982834,0.383134966531947,0.31339554121211866,1,1x60,59.1,F61A,61,TM1,0,0,0,NA,core
Gs,0.5056254477135346,1.2788028354933534,0.02841553206789034,0.00923917228500365,-6.534653384562416,0.08991591551225235,0.39837546187178335,0.308459546359531,1,12x48,81.2,E62A,62,ICL1,0,1,0,NA,G protein
Gs,0.4009343436595412,1.1923869196057144,0.0169858324842773,0.00174221220260732,-6.63934448861641,0.09844776328598231,0.3780335716357317,0.27958580834974933,1,12x49,101.7,R63A,63,ICL1,0,1,0,neutral,G protein
Gs,0.7481011781229278,0.3764876967638528,0.02413678559951865,0.07572643916259265,-6.292177654153023,0.03161448944123832,0.385184524750973,0.3535700353097347,1,12x50,17,L64A,64,ICL1,0,0,0,neutral,other
Gs,0.112335244826301,0.8198370922719416,0.00447361568699798,0.01968227250605133,-6.92794358744965,0.06799548618525898,0.36552135483845233,0.29752586865319336,1,12x51,60.9,Q65A,65,ICL1,0,0,1,NA,other
Gs,0.7498395627450312,0.6961465315149081,0.01004907422397047,0.03725510810050747,-6.2904392695309195,0.06170208700274302,0.377769305293232,0.316067218290489,1,2x37,27.1,T66A,66,TM2,0,0,0,NA,core
Gs,-0.3229413395352723,0.864638974597542,-0.00339536629135966,0.0082779438472613,-7.363220171811223,0.07153083286569135,0.35765237286009466,0.2861215399944033,1,2x38,68,V67A,67,TM2,0,0,0,NA,core
Gs,0.12673406235810436,0.7223706119835723,-0.01076172516472932,0.01265589794827567,-6.913544769917847,0.05978651989130734,0.35028601398672504,0.2904994940954177,1,2x39,57.9,T68A,68,TM2,0,1,0,NA,G protein
Gs,0.33850026347928114,0.8375291750206474,0.01164281691305133,0.025150618639645,-6.70177856879667,0.06969634127771868,0.3726905560645057,0.302994214786787,1,2x40,62.6,N69A,69,TM2,0,0,0,neutral,core
Gs,0.4954428690586745,0.9444889382691511,-0.00329303070756833,0.00174186303581798,-6.544835963217277,0.07816924926092601,0.357754708443886,0.27958545918296,1,2x41,52.9,Y70A,70,TM2,0,0,1,NA,core
Gs,1.102319767467618,0.6034802648404768,0.00900565613120999,0.04196815821057498,-5.937959064808333,0.05024164092494735,0.37005339528266434,0.31981175435771697,1,2x42,26.9,F71A,71,TM2,0,0,0,NA,core
Gs,1.2113006294837776,0.7433436884210488,0.00231926932513298,0.02401984814078931,-5.8289782027921735,0.06150356418865601,0.3633670084765873,0.3018634442879313,1,2x43,45.7,I72A,72,TM2,0,0,0,NA,core
Gs,-0.6803469261760423,0.905272613771939,-0.01208507325540869,-0.00305333299018634,-7.720625758451994,0.07417240273908998,0.34896266589604563,0.27479026315695565,1,2x44,98.9,T73A,73,TM2,0,0,1,NA,core
Gs,0.610880346348058,1.3451668093185054,0.06231474362717301,0.03775269015563633,-6.429398485927893,0.09530160920090232,0.432274673431066,0.33697306423016365,1,2x45,85.7,S74A,74,TM2,0,0,1,NA,core
Gs,0.5601419527556212,1.1534682834975358,0.02861869196771268,0.01681357937826666,-6.48013687952033,0.08928797015251667,0.385620044347048,0.29633207419453134,1,2x46,81,L75A,75,TM2,0,0,0,NA,core
Gs,1.532970340844771,0.6035182825931724,0.031596168211134,0.06227527016589265,-5.50730849143118,0.04680375560831201,0.3885975205904693,0.3417937649821573,1,2x47,31.7,A76G,76,TM2,0,0,0,NA,core
Gs,0.20992995290699104,1.1254084717332056,0.019037571262034,0.00930409994555,-6.83034887936896,0.08721632887955466,0.3760389236413693,0.28882259476181465,1,2x48,107.2,C77A,77,TM2,0,0,1,NA,core
Gs,1.0987478616224675,0.8260727552954198,0.02405656592776967,0.03750907621479967,-5.941530970653483,0.06403034727604066,0.381057918307105,0.3170275710310643,1,2x49,62.4,A78G,78,TM2,0,0,0,NA,core
Gs,1.660482582853244,0.5297173656877103,0.02846332029728499,0.06500206907470397,-5.379796249422707,0.04094410878565167,0.3854646726766203,0.34452056389096863,1,2x50,64.7,D79A,79,TM2,0,0,0,NA,core
Gs,0.3683648969458877,0.8233954173776074,0.02082736310192266,0.03460384873406798,-6.671913935330063,0.06370637193092533,0.377828715481258,0.31412234355033264,1,2x51,68.9,L80A,80,TM2,0,0,1,NA,core
Gs,-0.3978750102595991,0.9420667204469886,0.01801152647911032,0.02229039344140467,-7.4381538425355505,0.07320399060077631,0.3750128788584456,0.30180888825766933,1,2x52,85.4,V81A,81,TM2,0,0,1,NA,core
Gs,2.1438960632048576,1.1999156937347235,0.03032578546082398,0.01495844635330599,-4.896382769071093,0.09285019667058864,0.3873271378401593,0.2944769411695707,1,2x53,89.4,M82A,82,TM2,0,0,0,NA,core
Gs,0.9507297076119076,0.8920855313335416,0.01382589760981232,0.02217714980950432,-6.089549124664043,0.06913160536337866,0.3708272499891477,0.301695644625769,1,2x54,70.8,G83A,83,TM2,0,0,0,NA,core
Gs,-0.12661315395602232,1.0674439066816204,0.009955008509065,0.00478124494344565,-7.166891986231973,0.08265662112869,0.36695636088840033,0.28429973975971035,1,2x55,89.3,L84A,84,TM2,0,0,1,NA,core
Gs,0.26573716234514766,0.9847118937422108,8.348220004668801e-5,0.00139281496735499,-6.774541669930803,0.07617352479576235,0.357084834579382,0.28091130978361967,1,2x551,110.6,A85G,85,TM2,0,0,1,NA,core
Gs,1.194922155842568,0.7757953337439303,0.04222304788630701,0.057893490822787,-5.845356676433383,0.05506911279288565,0.4121829776902,0.35711386489731434,1,2x56,85.5,V86A,86,TM2,0,0,0,NA,core
Gs,0.9443273826920778,0.40820984175618485,0.09341904856731031,0.13911495752608133,-6.095951449583874,0.03178694860429967,0.4504204009466457,0.418633452342346,1,2x57,11.2,V87A,87,TM2,0,0,0,NA,core
Gs,1.5098519489323008,0.3222166364477819,0.04398087327619099,0.09635071660371834,-5.53042688334365,0.02511301423554331,0.4009822256555263,0.37586921141998303,1,2x58,14.3,P88A,88,TM2,0,0,0,NA,core
Gs,0.04791612773535755,0.8277663010141664,0.00303819011542499,0.01628918646290467,-6.992362704540594,0.06423186121559099,0.36003954249476033,0.29580768127916934,1,2x59,114.9,F89A,89,TM2,0,0,0,NA,core
Gs,0.4622478338400879,1.1240483953534517,0.01747299418545966,0.00786452693520032,-6.578030998435863,0.08709132481333,0.374474346564795,0.287383021751465,1,2x60,114.3,G90A,90,TM2,0,0,0,NA,core
Gs,-0.08521075490253249,0.9809428474117085,0.01071375104897134,0.01223503438836833,-7.125489587178484,0.07596157422367367,0.36771510342830666,0.291753529204633,1,2x61,117.8,A91G,91,TM2,0,0,0,NA,core
Gs,0.09817860692138798,0.8056056931797898,0.01457048942944931,0.02963207955534565,-6.942100225354563,0.06242126743717432,0.37157184180878466,0.3091505743716103,1,2x62,95,A92G,92,TM2,0,0,0,NA,core
Gs,0.6245322312511309,0.84187613834821,0.01573570503166934,0.02808690565513631,-6.4157466010248205,0.0651316569396037,0.37273705741100466,0.307605400471401,1,2x63,90.4,H93A,93,TM2,0,0,0,NA,core
Gs,0.3661142763251745,0.9411723051502492,0.00522811208893766,0.00986190149739999,-6.674164555950776,0.07284906815460833,0.362229464468273,0.2893803963136647,1,2x64,88.9,I94A,94,TM2,0,0,0,NA,core
Gs,0.15543554059618803,0.8807506187533118,0.01087890258481298,0.02008265144781564,-6.884843291679763,0.068279108700068,0.36788025496414833,0.2996011462640803,1,2x65,68.2,L95A,95,TM2,0,0,0,NA,core
Gs,0.4348356346619277,0.8034560613759713,-0.00950280423405466,0.005915496474837,-6.605443197614023,0.062064556854179,0.3474985481452807,0.2854339912911017,1,2x66,88.8,M96A,96,TM2,0,0,0,NA,core
Gs,0.5662078521002911,0.928561365108244,0.00804540296015199,0.01376161190359631,-6.47407098017566,0.07176664861962634,0.3650467553394874,0.293280106719861,1,ECL1,67.1,K97A,97,ECL1,0,0,0,NA,other
Gs,0.16015835819958793,0.8816007674633888,0.00883876000583866,0.018096289126779,-6.880120474076363,0.06148202660842531,0.3787986898097317,0.31731666320130636,1,23x49,108.5,M98A,98,ECL1,0,0,0,NA,other
Gs,2.5869666231179447,0,0.057033735737522,0.03763032162924665,-4.453312209158007,0,0.427006281516093,0.3220206397287407,2,23x50,9.2,W99A,99,ECL1,0,0,0,NA,other
Gs,0.10355453376396125,1.0131603861881142,0.00112901909466232,2.719217896096822e-4,-6.93672429851199,0.08643932498412965,0.3711015648732333,0.28466223988910366,1,23x51,119.9,T100A,100,ECL1,0,0,0,NA,other
Gs,0.5242720295343112,0.5029903817134128,0.01630736223118199,0.05915246700818932,-6.51600680274164,0.04273712290206968,0.386279908009753,0.3435427851076833,1,23x52,50.9,F101A,101,ECL1,0,0,0,NA,other
Gs,1.1995197816126142,0.4051544509843218,0.00621326082053499,0.057835081837939,-5.840759050663337,0.03396040666167299,0.376185806599106,0.342225399937433,1,3x21,31.3,G102A,102,TM3,0,0,0,NA,core
Gs,-0.2940243923179923,0.876609777010744,0.00166252637706731,0.01233830975179735,-7.334303224593944,0.07490644430434697,0.37163507215563835,0.29672862785129134,1,3x22,123.4,N103A,103,TM3,0,0,0,NA,core
Gs,0.1723947046661379,0.9904824224877732,0.00474239782330399,0.00616940195012,-6.8678841276098135,0.084155223552261,0.374714943601875,0.290559720049614,1,3x23,115.4,F104A,104,TM3,0,0,0,NA,core
Gs,-0.4740440100149224,0.9069201999897654,0.00355441961267366,0.01274478392281634,-7.514322842290873,0.07639186336893433,0.3735269653912447,0.29713510202231036,1,3x24,97.7,W105A,105,TM3,0,0,0,NA,core
Gs,3.040278832275951,0,0.01002745422142899,0.06560968190050598,-4,0,0.38,0.35,2,3x25,15.7,C106A,106,TM3,0,0,0,NA,core
Gs,0.4499326249741442,0.7192975209665129,0.00654040980037099,0.03119508859234933,-6.590346207301807,0.06092754888709867,0.376512955578942,0.3155854066918433,1,3x26,68.8,E107A,107,TM3,0,0,0,NA,core
Gs,0.6216953519285345,0.9796802991819288,-0.00400068063990999,-0.00176855256490465,-6.418583480347417,0.08335009960407168,0.36597186513866103,0.28262176553458934,1,3x27,61.9,F108A,108,TM3,0,0,1,NA,core
Gs,0.46069381475751126,0.9593761704845468,-0.00486168789444533,-7.701778124096781e-4,-6.57958501751844,0.08149071759704135,0.3651108578841257,0.2836201402870843,1,3x28,69.9,W109A,109,TM3,0,0,0,NA,core
Gs,0.8817553891082112,0.9871690852128158,0.02309933320244034,0.02455441680227064,-6.15852344316774,0.06928447212953535,0.3930592630063333,0.323774790876798,1,3x29,106.1,T110A,110,TM3,0,0,0,NA,core
Gs,0.3849202587207475,0.8806682582663162,-0.00637959503743168,0.00451566888263297,-6.655358573555204,0.07468696375901235,0.36359295074113934,0.288905986982127,1,3x30,110.2,S111A,111,TM3,0,0,0,NA,core
Gs,0.33290217687254425,0.9185219874803364,0.00331480654135598,0.01038609418141334,-6.707376655403407,0.07851094003901965,0.373287352319927,0.29477641228090734,1,3x31,115.7,I112A,112,TM3,0,0,1,NA,core
Gs,0.3506928293590545,0,0.09653833339461866,-0.02115471960211932,-6.689586002916896,0,0.4665108791731897,0.26323559849737466,2,3x32,128,D113A,113,TM3,1,0,0,NA,ligand
Gs,2.648635171085114,0.9881631415627814,0.00919107487148399,0.01090117100784432,-4.3916436611908365,0.08387213154271668,0.379163620650055,0.2952914891073383,1,3x33,115.8,V114A,114,TM3,1,0,0,NA,ligand
Gs,0.5372149121764712,0.7641380572964317,-0.00147153708661368,0.01916414362014866,-6.50306392009948,0.06494654697231467,0.36850100869195734,0.3035544617196427,1,3x34,107.8,L115A,115,TM3,0,0,1,NA,core
Gs,-0.01577435738430891,0.640691605899369,-0.02666272565656069,0.00472947841434133,-7.05605318966026,0.05419002360817498,0.34330982012201033,0.28911979651383535,1,3x35,107.1,C116A,116,TM3,0,0,0,NA,core
Gs,0.5536118088068411,0.6761236100521365,0.001488028566086,0.02990190588361167,-6.48666702346911,0.05716835036155134,0.371460574344657,0.3142922239831057,1,3x36,77.5,V117A,117,TM3,1,0,0,NA,ligand
Gs,2.497227595258318,0.6127388285798844,0.00548125462087599,0.03819448229521768,-4.543051237017633,0.05286900000473532,0.375453800399447,0.32258480039471166,1,3x37,55.9,T118A,118,TM3,0,0,0,NA,core
Gs,0.3395862060399247,0.7233374397100925,7.748920016366623e-4,0.02517728270151666,-6.700692626236027,0.06117983697919701,0.3707474377802077,0.30956760080101065,1,3x38,67.3,A119G,119,TM3,0,0,0,NA,core
Gs,1.4882108794326545,0.8442601713586746,1.8273758624300548e-4,0.01404335811894733,-5.552067952843297,0.07172160714637267,0.370155283364814,0.29843367621844136,1,3x39,78.3,S120A,120,TM3,0,0,0,NA,core
Gs,2.117492462257641,0.42745591231046687,0.00701062635699448,0.05698396292293201,-4.92278637001831,0.036857289898508,0.381489206383191,0.344631916484683,1,3x40,72.1,I121A,121,TM3,0,0,0,NA,core
Gs,0.8337791725462177,1.1696210793271835,0.03337824381850033,0.02212636068618932,-6.206499659729733,0.08199143886167666,0.4033381736223933,0.3213467347607167,1,3x41,102.4,E122A,122,TM3,0,0,0,negative,core
Gs,0.02470569553087761,0.46845433352817456,0.022630005519720012,0.06403016022937798,-7.015573136745074,0.03635069323004101,0.3883274121295873,0.35197671889954635,1,3x42,34.1,T123A,123,TM3,0,0,0,NA,core
Gs,-0.07129931486952905,0,0.096528218760896,-0.03189441370000934,-7.11157814714548,0,0.46222562537076334,0.256052144970159,2,3x43,27.8,L124A,124,TM3,0,0,0,NA,core
Gs,0.8164204222520745,0,0.099781415945648,-0.01840833777638401,-6.223858410023877,0,0.4654788225555153,0.2695382208937843,2,3x44,113.1,C125A,125,TM3,0,0,0,negative,core
Gs,0.7930393107757278,1.0444935498913002,0.028236293481461672,0.0253970197065413,-6.247239521500223,0.08059012171461934,0.393933700091329,0.3133435783767097,1,3x45,90.2,V126A,126,TM3,0,0,0,positive,core
Gs,1.866246782608991,1.0315972258995052,0.03661242044677767,0.03422019854211598,-5.17403204966696,0.08014306984436066,0.402309827056645,0.3221667572122843,1,3x46,77.2,I127A,127,TM3,0,0,0,NA,core
Gs,-0.15367288971827886,0.8501114398634033,0.01644648314446367,0.02842564185364632,-7.19395172199423,0.06577168923051634,0.382143889754331,0.31637220052381465,1,3x47,67.3,A128G,128,TM3,0,0,0,NA,core
Gs,0.8114556520458244,1.099991967250429,0.02263767349166434,0.01545616426220999,-6.228823180230127,0.08493235716915333,0.38833508010153167,0.30340272293237835,1,3x48,80.3,V129A,129,TM3,0,0,0,negative,core
Gs,0.01768598432572643,0.7066531744323568,0.01317975489940551,0.03512001468095499,-7.022592847950225,0.053143297073829,0.38124562617254654,0.3281023290987175,1,3x49,57.9,D130A,130,TM3,0,0,0,positive,core
Gs,0.5188766516535077,0.78392121999017506,0.01917826951420167,0.03659359270819464,-6.521402180622443,0.060335524745706,0.384875676124069,0.324540151378363,1,3x50,52.9,R131A,131,TM3,0,1,0,NA,G protein
Gs,0.7754611519397878,0.7274983233668265,0.00977828861629133,0.03126797607432265,-6.264817680336163,0.05626116048166766,0.37547569522615865,0.319214534744491,1,3x51,58.8,Y132A,132,TM3,0,0,0,NA,core
Gs,0.4922574217258114,0.9498531048199104,0.003981073413098,0.00808213465631833,-6.54802141055014,0.07364978669647865,0.3696784800229654,0.2960286933264867,1,3x52,55.1,F133A,133,TM3,0,0,0,positive,core
Gs,0.8555067126936908,0.8042914690491462,0.01319361016716635,0.02769877793129965,-6.18477211958226,0.05623438796523235,0.3831535399710594,0.326919152005827,1,3x53,88.1,A134G,134,TM3,0,1,0,NA,G protein
Gs,0.36366782322340807,0.48146455479283234,0.01194916934008701,0.05233214733950797,-6.676611009052543,0.03736786994027802,0.3776465759499543,0.3402787060096763,1,3x54,73.9,I135A,135,TM3,0,1,0,NA,G protein
Gs,0.05775694015225448,0.9634716149370036,0.00660146193019334,0.01018364330848564,-6.982521892123697,0.07416866656140668,0.3722988685400606,0.298130201978654,1,3x55,90.4,T136A,136,TM3,0,1,0,NA,G protein
Gs,0.15287341574659763,0.8278689876186702,0.01737235148097234,0.03094985956752899,-6.8874054165293535,0.06417333985314233,0.3830697580908397,0.3188964182376973,1,3x56,69.9,S137A,137,TM3,0,0,0,positive,core
Gs,1.1436211101409146,0.9188063982283182,0.01335535622647301,0.01993190557385797,-5.8966577221350365,0.07117429859231401,0.3790527628363403,0.3078784642440263,1,34x50,82.6,P138A,138,ICL2,0,1,0,NA,G protein
Gs,1.5226127118997448,0.7025950572397622,0.0336931739279,0.05715851626925664,-5.517666120376206,0.05428550559834233,0.3993905805377673,0.345105074939425,1,34x51,105.6,F139A,139,ICL2,0,1,0,NA,G protein
Gs,0.21978801311504417,0.8205845069370296,0.00745678526170601,0.02186527236745132,-6.820490819160907,0.06334236083395367,0.37315419187157334,0.30981183103761967,1,34x52,94.3,K140A,140,ICL2,0,1,0,NA,G protein
Gs,0.8986667669519379,0.7768119618933762,0.01450659792266034,0.03204732788069397,-6.141612065324013,0.06021011798166535,0.3802040045325277,0.3199938865508623,1,34x53,86.4,Y141A,141,ICL2,0,1,0,NA,G protein
Gs,0.3692841877485013,0.9672012819487568,0.01815351368654668,0.02117829538222165,-6.6709946445274495,0.074726066244024,0.383850920296414,0.30912485405239,1,34x54,90,Q142A,142,ICL2,0,1,0,NA,G protein
Gs,-0.3804188477669124,1.0473490202179565,0.00994269694459867,0.00665586369069631,-7.420697680042864,0.08103768119360133,0.375640103554466,0.29460242236086465,1,34x55,112.1,S143A,143,ICL2,0,1,0,NA,G protein
Gs,0.11313137602313096,0.8926102544299095,9.582142130723504e-4,0.00971216603458632,-6.92714745625282,0.068996896118185,0.3666556208229397,0.2976587247047547,1,34x56,105.7,L144A,144,ICL2,0,0,0,positive,other
Gs,0.04759503435165749,0.8881293578968972,0.00403653556422998,0.01269332809539699,-6.992683797924293,0.06909405540853197,0.3697339421740974,0.30063988676556536,1,34x57,85.9,L145A,145,ICL2,0,0,0,positive,other
Gs,1.050187845462661,0.804682118089231,0.03185700899994968,0.04599570351697833,-5.99009098681329,0.056600861212337,0.4018169388038426,0.3452160775915057,1,4x38,58.8,T146A,146,TM4,0,0,0,NA,core
Gs,0.3837438284018986,1.016532702335924,0.05330950711079051,0.0522289187717105,-6.656535003874053,0.0696719955112705,0.4006780817171785,0.331006086205908,1,4x39,49.7,K147A,147,TM4,0,0,0,NA,core
Gs,0.6421875334632559,0.7505491781608937,-0.02265926617960073,-0.00574380553469476,-6.3980912988126954,0.05167594652728452,0.32470930842678725,0.2730333618995027,1,4x40,91.3,N148A,148,TM4,0,0,0,NA,core
Gs,0.1509472274218311,0.8440028766842255,-0.01123406630986974,-2.687569335037554e-4,-6.88933160485412,0.0576260977958245,0.33613450829651825,0.27850841050069375,1,4x41,95.9,K149A,149,TM4,0,0,0,positive,core
Gs,0.28700503397900357,0.7375048353118743,-0.01079543587286749,0.007503134421981,-6.753273798296948,0.050292836877342,0.3365731387335205,0.2862803018561785,1,4x42,77.2,A150G,150,TM4,0,0,0,NA,core
Gs,0.05854187113873621,0.9492573588684716,-3.8006048781000223e-5,0.00388704799978423,-6.981736961137215,0.06466635312362526,0.347330568557607,0.28266421543398174,1,4x43,92.2,R151A,151,TM4,0,0,1,NA,core
Gs,-0.08266849346510408,0.9472337084428604,0.00377617285646524,0.00856277733929299,-7.122947325741055,0.06380480268936274,0.35114474746285324,0.2873399447734905,1,4x44,109.1,V152A,152,TM4,0,0,0,positive,core
Gs,0.4351030003672862,0.927730504277636,0.00378959798966675,0.00907958571363623,-6.605175831908665,0.06330141944822101,0.35115817259605475,0.28785675314783377,1,4x45,104.4,I153A,153,TM4,0,0,0,positive,core
Gs,0.43759562467920365,0.9756779908075096,0.02090795608639199,0.02287845351823275,-6.602683207596748,0.06662090974034973,0.36827653069278,0.30165562095243026,1,4x46,84.7,I154A,154,TM4,0,0,1,NA,core
Gs,-0.2859452113659764,0.9723477947102293,-0.01300854777310049,-0.0104799931781515,-7.326224043641927,0.0660628525772415,0.33436002683328747,0.268297174256046,1,4x47,119.9,L155A,155,TM4,0,0,1,NA,core
Gs,0.01627714899065369,1.0066493454836152,-0.00754417373421523,-0.00787903104824651,-7.024001683285297,0.06892626448622177,0.33982440087217275,0.270898136385951,1,4x48,94.7,M156A,156,TM4,0,0,0,NA,core
Gs,0.7430419411874436,0.9749555474111082,0.0015403299486765,0.0036460228602235,-6.297236891088508,0.0664857142606435,0.3489089045550645,0.282423190294421,1,4x49,76.4,V157A,157,TM4,0,0,0,NA,core
Gs,1.904165973509256,0.22928884352118545,0.035843026111706,0.0917788006678005,-5.136112858766695,0.01650112497254849,0.39846281894199553,0.381961693969447,1,4x50,40.6,W158A,158,TM4,0,0,1,NA,core
Gs,0.4398923018378338,0.8490728934019964,0.01164621949067351,0.02210741924712549,-6.600386530438117,0.05813020741573851,0.3590147940970615,0.300884586681323,1,4x51,84.8,I159A,159,TM4,0,0,0,NA,core
Gs,0.7256741406300384,0.7588297334932814,-0.01296974817331875,0.00392201484236774,-6.314604691645913,0.05169964415650399,0.33439882643306923,0.28269918227656526,1,4x52,93.2,V160A,160,TM4,0,0,0,NA,core
Gs,0.1076161098263786,0.7075774043973593,-0.02330758225748599,-0.00339255953319725,-6.932662722449573,0.04867638444790175,0.324060992348902,0.2753846079010003,1,4x53,116.1,S161A,161,TM4,0,0,0,NA,core
Gs,-0.01275303349638878,0.8231645071962252,-0.00514448404551874,0.00721135237042648,-7.05303186577234,0.05623557075624526,0.3422240905608692,0.285988519804624,1,4x54,113.9,G162A,162,TM4,0,0,0,NA,core
Gs,0.08877308322446353,0.8672492041657832,-0.00421279356435475,0.00549033296291874,-6.9515057490514875,0.05888828064491699,0.34315578104203326,0.28426750039711624,1,4x55,98.4,L163A,163,TM4,0,0,0,NA,core
Gs,0.4916231311530787,0.8905288639938544,0.01044471384277599,0.01807971579455998,-6.548655701122872,0.0609564052204065,0.357813288449164,0.2968568832287575,1,4x56,119.6,T164A,164,TM4,0,0,0,NA,core
Gs,0.8122105180678787,0.9840557919691498,0.00139275726584474,0.0028442628023205,-6.228068314208072,0.06713990163571473,0.34876133187223274,0.281621430236518,1,4x57,135.7,S165A,165,TM4,0,0,0,NA,core
Gs,1.0490244737190133,0.9819466270288442,0.01652864817785974,0.01814908376374049,-5.9912543585569376,0.06697097158630974,0.36389722278424774,0.29692625119793803,1,4x58,92.2,F166A,166,TM4,0,0,1,NA,core
Gs,0.6812369753673262,1.001364742464737,0.01500243853304025,0.01526159492077398,-6.359041856908625,0.06833225078445676,0.36237101313942827,0.2940387623549715,1,4x59,98.1,L167A,167,TM4,0,0,0,NA,core
Gs,1.858726837232941,0.42936060073324733,0.00471674505684575,0.04391961875971524,-5.1815519950430105,0.029388533469321,0.35208531966323375,0.32269678619391273,1,4x60,11.6,P168A,168,TM4,0,0,0,NA,core
Gs,1.720459508146061,0.6996476870443192,0.00872946280459124,0.02966869788851599,-5.31981932412989,0.04765217208826575,0.35609803741097923,0.3084458653227135,1,4x61,54.6,I169A,169,TM4,0,0,0,NA,core
Gs,0.6972747944297844,0.9561497506494658,0.01228721417436434,0.01521486073095599,-6.343004037846167,0.06781190917277401,0.3822471439782573,0.31443523480548335,1,4x62,66.2,Q170A,170,TM4,0,0,0,NA,core
Gs,-0.1358677677435962,1.17434813867386,0.03568812508904102,0.02454885675675325,-7.176146600019547,0.07978884821428477,0.384680668034109,0.3048918198198243,1,4x63,93.6,M171A,171,TM4,0,0,0,NA,core
Gs,0.5126087887954711,0.9741336566454596,0.03295385692527877,0.035230809705783,-6.52767004348048,0.06637262710149276,0.38194639987034673,0.315573772768854,1,4x64,82.6,H172A,172,TM4,0,0,0,NA,core
Gs,1.2149915231436184,1.0078862640068555,0.03832962573977827,0.03829271447908775,-5.8252873091323325,0.06868649114268752,0.38732216868484626,0.3186356775421587,1,ECL2,67.9,W173A,173,ECL2,0,0,0,NA,other
Gs,0.18844039797565348,0.8727895425188887,0.01987264397401375,0.02921066497282926,-6.851838434300298,0.05931155888318149,0.36886518691908177,0.30955362803590025,1,ECL2,93.1,Y174A,174,ECL2,0,0,0,NA,other
Gs,0.21281789976346355,0.8466187114680815,0.03780092225592352,0.048177860111104,-6.827460932512487,0.05827264202681651,0.3867934652009915,0.32852082317417497,1,ECL2,71.5,R175A,175,ECL2,0,0,0,NA,other
Gs,0.1847998853665835,0.9884832576137074,0.03407028344400226,0.03503917881096825,-6.8554789469093675,0.067680684515031,0.38306282638907024,0.31538214187403923,1,ECL2,101.4,A176G,176,ECL2,0,0,0,NA,other
Gs,0.23902728831322628,1.1027893003208582,0.03939798701766527,0.03242651548162025,-6.801251543962724,0.07562105141804201,0.38839052996273327,0.3127694785446912,1,ECL2,103.6,T177A,177,ECL2,0,0,0,NA,other
Gs,0.38266709348443384,1.1000679970903418,0.03738639400283851,0.03129701558487074,-6.657611738791517,0.07473895829996476,0.3863789369479065,0.31163997864794174,1,ECL2,86.4,H178A,178,ECL2,0,0,0,NA,other
Gs,-0.09634878535691116,1.090480589366076,0.02737998566784977,0.02164639708188702,-7.136627617632862,0.07438316846795974,0.37637252861291776,0.30198936014495803,1,ECL2,98.6,Q179A,179,ECL2,0,0,0,NA,other
Gs,0.37772611439685866,1.050857259929243,0.02120422719892127,0.01785116021705751,-6.662552717879093,0.07200264686386075,0.3701967701439893,0.2981941232801285,1,ECL2,72.6,E180A,180,ECL2,0,0,0,NA,other
Gs,0.5547289155098658,0.8182651826099997,0.02699684299976325,0.03930883673095775,-6.485549916766085,0.05633758615080249,0.3759893859448312,0.31965179979402875,1,ECL2,76.6,A181G,181,ECL2,0,0,0,NA,other
Gs,0.1498054463017544,0.8500603637278871,0.00250859889659234,0.01326484787049399,-6.890473385974197,0.059983306755464,0.37246852870048536,0.3124852219450213,1,ECL2,85.6,I182A,182,ECL2,0,0,0,NA,other
Gs,-0.26685078503007653,1.1456263867571708,0.03452654460732675,0.02511667360207925,-7.307129617306027,0.07805945088724449,0.3835190875523947,0.30545963666515025,1,ECL2,97.3,N183A,183,ECL2,0,0,0,NA,other
Gs,2.0331263461465783,0.8175900493174362,0.05928949667556603,0.07195661506525851,-5.007152486129373,0.05598246149230451,0.408282039620634,0.3522995781283295,1,ECL2,27.9,C184A,184,ECL2,0,0,0,NA,other
Gs,0.8861258971130659,0.8040593554641986,0.04004662504116102,0.054089519046572,-6.154152935162886,0.05460668587658601,0.389039167986229,0.334432482109643,1,ECL2,58.9,Y185A,185,ECL2,0,0,0,NA,other
Gs,0.02375178656628862,1.1511610797746394,0.03466499012698351,0.02527195150402848,-7.016527045709663,0.07804261850495202,0.3836575330720515,0.3056149145670995,1,ECL2,109.4,A186G,186,ECL2,0,0,0,NA,other
Gs,0.21408690952492093,1.025494884107541,0.03268637845792727,0.03085788819471124,-6.82619192275103,0.07047807014521301,0.38167892140299525,0.31120085125778224,1,ECL2,91.4,N187A,187,ECL2,0,0,0,NA,other
Gs,0.1567966141689885,0.9558737294189396,0.02371185543826377,0.02693232484127676,-6.883482218106963,0.065429110478984,0.37270439838333175,0.30727528790434777,1,ECL2,99.3,E188A,188,ECL2,0,0,0,NA,other
Gs,-0.11659841789853886,1.0699457552003266,0.02388416433553326,0.02020337157705701,-7.15687725017449,0.07233037264047325,0.3728767072806013,0.30054633464012803,1,ECL2,104.2,T189A,189,ECL2,0,0,0,NA,other
Gs,2.238804280330678,0.4017163424611505,0.04474204687384135,0.08746413190299268,-4.801474551945273,0.02855527685514099,0.3939013564685143,0.36534607961337334,1,ECL2,23.5,C190A,190,ECL2,0,0,0,NA,other
Gs,-0.3405837557671787,0,0.12652483183906602,-0.02663314626305023,-7.380862588043129,0,0.475517374784134,0.25370981680002075,2,45x50,14,C191A,191,ECL2,0,0,0,NA,other
Gs,0.763585031615106,1.1444519585603818,0.02989001604868527,0.02082116302580475,-6.276693800660845,0.07771843290487751,0.3788825589937532,0.30116412608887577,1,45x51,71.7,D192A,192,ECL2,0,0,0,NA,other
Gs,2.0150426967010384,0.9974187138690632,0.02990446376822052,0.03141104753330726,-5.025236135574913,0.06714299611691026,0.3788970067132885,0.31175401059637825,1,45x52,83,F193A,193,ECL2,1,0,0,NA,ligand
Gs,0.8190149042975744,1.081228788767555,0.02518374806820099,0.01912008053245499,-6.221263927978376,0.075562959072192,0.39223567285944466,0.31667271378725265,1,ECL2,95.4,F194A,194,ECL2,0,0,0,NA,other
Gs,-0.588270007302814,1.015804952096203,0.02239621344659653,0.02196473814016147,-7.628548839578765,0.07620430179817853,0.380100191137805,0.3038958893396265,1,ECL2,94.7,T195A,195,ECL2,0,0,0,NA,other
Gs,0.9405216195201378,0.9492328559206276,0.02357231932161635,0.02743084701721965,-6.099757212755813,0.070082757231892015,0.38676492076489166,0.31668216353299966,1,5x36,64.8,N196A,196,TM5,0,0,0,NA,core
Gs,0.16469287618196424,1.0880491020424006,0.016492168246511,0.01049823896466931,-6.875585956093987,0.07993521420933701,0.3796847696897863,0.29974955548044935,1,5x37,92.3,Q197A,197,TM5,0,0,0,NA,core
Gs,-0.05916342376367881,1.0630824333975992,0.01660312936404934,0.01191093489338466,-7.09944225603963,0.07863347939816,0.37979573080732465,0.3011622514091647,1,5x38,145.6,A198G,198,TM5,0,0,0,NA,core
Gs,2.4254795610635713,0.6170472716495018,0.03624348519030266,0.064908134092350675,-4.61479927121238,0.04527663602544731,0.399436086633578,0.3541594506081307,1,5x39,34.7,Y199A,199,TM5,0,0,0,NA,core
Gs,0.0604694740875343,0.9687696597249116,0.01223938310648233,0.01479407281330432,-6.979809358188417,0.07138659522067332,0.3754319845497577,0.3040453893290843,1,5x40,139.6,A200G,200,TM5,0,0,0,NA,core
Gs,0.6297528526447979,0.8449251417592519,0.00950757807957566,0.02072965788558565,-6.410525979631153,0.06271920512148532,0.372700179522851,0.3099809744013657,1,5x41,119.6,I201A,201,TM5,0,0,0,NA,core
Gs,0.0901913483284081,1.010663107667816,0.012295827694372,0.01158893077153933,-6.950087483947543,0.074648181850328,0.37548842913764735,0.30084024728731934,1,5x42,124.9,A202G,202,TM5,0,0,0,NA,core
Gs,1.887020767383298,1.1311505502005732,0.01567059399424501,0.00719132982825199,-5.153258064892653,0.08242054909348834,0.37886319543752034,0.296442646344032,1,5x43,113.7,S203A,203,TM5,1,0,0,NA,ligand
Gs,1.832927456297538,1.113311374955983,0.01096253956176401,0.00259741050503766,-5.207351375978413,0.08230641398422167,0.3741551410050393,0.29184872702081766,1,5x44,87.4,S204A,204,TM5,0,0,0,NA,core
Gs,-0.17963843060684562,1.0487180073497977,0.00884628495142234,0.00529175817828965,-7.219917262882797,0.07749581170062801,0.3720388863946977,0.29454307469406965,1,5x45,115.5,I205A,205,TM5,0,0,0,NA,core
Gs,0.4283771793214078,1.0553592723564198,0.03452996930780666,0.03018965767289799,-6.611901652954543,0.07383960317135467,0.4015818940990503,0.3277422909276957,1,5x46,94.6,V206A,206,TM5,0,0,0,negative,core
Gs,1.691508872055368,0.9382614215315468,0.02236253894906835,0.02713891004889697,-5.348769960220583,0.0691649138276667,0.3855551403923437,0.31639022656467697,1,5x461,132.7,S207A,207,TM5,1,0,0,NA,ligand
Gs,2.0252481344730744,0.6061418808978568,0.02953552580208033,0.05849973037553966,-5.015030697802877,0.04497708035403599,0.39272812724535566,0.3477510468913197,1,5x47,70.4,F208A,208,TM5,0,0,0,NA,core
Gs,1.3925054408865878,0.9291136321396732,0.02727908701037368,0.0327715328557393,-5.6477733913893635,0.06844883908212969,0.390471688453649,0.3220228493715193,1,5x48,117.6,Y209A,209,TM5,0,0,0,NA,core
Gs,-0.3109988794645888,1.0908696427520828,0.03562120476819667,0.02965391585712566,-7.35127771174054,0.07990857383856632,0.398813806211472,0.3189052323729057,1,5x49,125.7,V210A,210,TM5,0,0,0,negative,core
Gs,2.1454951786592944,0.37621223058277314,0.03152445413553634,0.07776426079361631,-4.894783653616656,0.02770147826941534,0.3947170555788117,0.3670155773093963,1,5x50,12.7,P211A,211,TM5,0,0,0,negative,core
Gs,0.40113960547659094,0.834960534765371,-0.003888605184448,0.00836759624553033,-6.63913922679936,0.06168508349751698,0.3593039962588273,0.29761891276131036,1,5x51,125.1,L212A,212,TM5,0,0,0,NA,core
Gs,0.17484385710574765,0.8682571222128329,-0.00186840539368698,0.00769808492084798,-6.865434975170204,0.06437479461296035,0.3613241960495883,0.296949401436628,1,5x52,149.8,V213A,213,TM5,0,0,0,NA,core
Gs,1.0917526183884008,0.9852315877353516,0.02753218978703266,0.02913307232880034,-5.9485262138875505,0.07234040238572764,0.390724791230308,0.31838438884458037,1,5x53,107.6,I214A,214,TM5,0,0,0,negative,core
Gs,1.7167627149645444,1.0648147537101138,0.05277924590124899,0.04850478612777664,-5.3235161173114065,0.07821574470096766,0.4159718473445243,0.33775610264355665,1,5x54,151.3,M215A,215,TM5,0,0,0,NA,core
Gs,-0.03421452773901201,0.9982110746819314,0.02260080496103866,0.02301139168240699,-7.074493360014963,0.073530698206127,0.385793406404314,0.312262708198187,1,5x55,132,V216A,216,TM5,0,0,0,NA,core
Gs,0.8103182957674212,1.0557164619571977,0.014714271512728,0.01146054063201564,-6.22996053650853,0.07719501580820769,0.37790687295600334,0.30071185714779564,1,5x56,121.9,F217A,217,TM5,0,0,0,NA,core
Gs,0.10788743734329093,0.770168073949758,-0.00212783424066533,0.01370481878718665,-6.93239139493266,0.05366663850859401,0.36492409055057834,0.31125745204198435,1,5x57,105.2,V218A,218,TM5,0,0,0,NA,core
Gs,1.982831644323701,0.9268332624269268,0.03280846191932533,0.039155024956713,-5.05744718795225,0.0748469855479,0.4103353640297173,0.33548837848181734,1,5x58,106.2,Y219A,219,TM5,0,0,0,NA,core
Gs,0.18368222781524737,0.9563599803255238,0.02189423136997899,0.02518789121559199,-6.856596604460703,0.07789988873967468,0.399421133480371,0.3215212447406963,1,5x59,90.9,S220A,220,TM5,0,0,0,NA,core
Gs,1.0616166451038644,1.0028411082978113,0.02163321447153898,0.02154921108405,-5.978662187172087,0.08127755197277665,0.399160116581931,0.3178825646091543,1,5x60,89.9,R221A,221,TM5,0,0,0,NA,core
Gs,1.0976320110044246,1.128321885031634,0.03070121871533399,0.02091743417294334,-5.942646821271526,0.09097733312767832,0.408228120825726,0.31725078769804765,1,5x61,81.6,V222A,222,TM5,0,1,0,NA,G protein
Gs,0.788650853101541,0.9818859361737032,0.01275449340822398,0.01353668023493298,-6.25162797917441,0.08041136175857867,0.390281395518616,0.3098700337600373,1,5x62,68.8,F223A,223,TM5,0,0,0,NA,core
Gs,0.00620256888076416,0.9992968971718608,0.01974421727283465,0.02006526174126767,-7.034076263395187,0.08087250411685465,0.3972711193832267,0.31639861526637203,1,5x63,76.3,Q224A,224,TM5,0,0,0,NA,core
Gs,0.44222716511626103,0.9031754059036076,0.00467342487129,0.01248301955257933,-6.59805166715969,0.07338395390399834,0.382200326981682,0.30881637307768367,1,5x64,78.6,E225A,225,TM5,0,1,0,NA,G protein
Gs,1.0584280028905075,0.7337228145418897,0.051046055018033,0.07265711655779333,-5.9818508293854435,0.05958248704552734,0.428572957128425,0.3689904700828977,1,5x65,51.1,A226G,226,TM5,0,1,0,NA,G protein
Gs,0.03723144279306437,0.981679030244341,0.01349961956308234,0.01479068635535233,-7.003047389482886,0.07990248179301768,0.39102652167347435,0.31112403988045667,1,5x66,73.8,K227A,227,TM5,0,0,0,NA,core
Gs,0.24810737444400777,0.9034671918517422,0.00549494389825664,0.01317179347107766,-6.792171457831944,0.07351669901246666,0.38302184600864864,0.309505146996182,1,5x67,82.3,R228A,228,TM5,0,1,0,NA,G protein
Gs,0.08178869356117453,0.9626453921584682,-0.00264868442949735,7.043430037820079e-4,-6.958490138714777,0.0778405211520083,0.37487821768089463,0.29703769652888634,1,5x68,83.3,Q229A,229,TM5,0,1,0,NA,G protein
Gs,-0.2615798643967189,1.0451777020442572,0.01462016621600799,0.01136677967958066,-7.30185869667267,0.07275267807287333,0.3816720910072517,0.30891941293437836,1,5x69,90.8,L230A,230,TM5,0,1,0,NA,G protein
Gs,0.3499004163054513,0.9682154590714384,0.03460737178220632,0.03762423332338335,-6.6903784159705,0.07817668704411064,0.4121342738925983,0.3339575868484877,1,5x70,80.1,Q231A,231,TM5,0,0,0,NA,core
Gs,0.5101004077729812,0.7873766259016293,0.00547981521314864,0.02275566351976066,-6.53017842450297,0.06391770027867566,0.38300671732354064,0.319089017044865,1,5x71,85.4,K232A,232,TM5,0,1,0,NA,G protein
Gs,0.8739686893764578,1.029135939886272,0.03169623188170565,0.029739760525124,-6.166310142899493,0.08315001994186932,0.4092231339920976,0.3260731140502283,1,5x72,92.9,I233A,233,TM5,0,1,0,NA,G protein
Gs,0.26584996429061114,0.8621722304094869,0.00286739711028631,0.01413814289942466,-6.77442886798534,0.06992280279614932,0.3803942992206783,0.310471496424529,1,5x73,89.1,D234A,234,TM5,0,0,0,NA,core
Gs,0.13717408910764414,0.9848919575810012,0.01912590857660467,0.02094569299158832,-6.903104743168307,0.07937376417030402,0.3966528106869967,0.31727904651669264,1,5x74,74.7,K235A,235,TM5,0,1,0,NA,G protein
Gs,8.095224227610368e-4,0.764417447100437,-0.00462666133749334,0.01488722643687732,-7.03946930985319,0.061679660810917,0.3729002407728987,0.31122057996198166,1,5x75,75.1,S236A,236,TM5,0,1,0,NA,G protein
Gs,0.3206002111493511,0.8840819779087938,0.00484049427090799,0.01441904361474233,-6.7196786211266,0.07161499924145333,0.3823673963813,0.31075239713984665,1,5x76,72.5,E237A,237,TM5,0,0,0,NA,core
Gs,0.172072142202271,0.9409115471015866,0.01622278549600566,0.02112769337292932,-6.86820669007368,0.07628864070836401,0.39374968760639767,0.31746104689803367,1,ICL3,74.3,G238A,238,ICL3,0,0,0,NA,other
Gs,0.4289367992864041,0.987524967181243,0.01943679772558532,0.02048988834365199,-6.611342032989547,0.08014045796722101,0.39696369983597735,0.3168232418687563,1,ICL3,75.8,R239A,239,ICL3,0,1,0,NA,G protein
Gs,0.09209424321386746,0.9329678651082336,0.00740147545641832,0.01274018488729467,-6.948184589062084,0.07585483915441132,0.3849283775668103,0.309073538412399,1,ICL3,87.8,F240A,240,ICL3,0,0,0,NA,other
Gs,0.19887255158952455,0.9573931312962712,0.01411150293571465,0.01787061898491199,-6.841406280686426,0.07743443253609034,0.39163840504610664,0.3142039725100163,1,ICL3,81.8,H241A,241,ICL3,0,0,0,NA,other
Gs,0.6895702186443081,1.181757502949544,0.07200922157578,0.05853718786009199,-6.350708613631643,0.08297132525213402,0.4390611463670237,0.3560898211148897,1,ICL3,57.6,V242A,242,ICL3,0,0,0,NA,other
Gs,0.338620197765881,0.951309949133618,0.02608680968237266,0.03006825543109298,-6.70165863451007,0.07571548854864234,0.3986375657068013,0.322922077158159,1,ICL3,88.7,Q243A,243,ICL3,0,0,0,NA,other
Gs,0.4442027540897078,0.9696394305213656,0.01887880618668765,0.02118346248324298,-6.596076078186243,0.07739227800080732,0.3914295622111163,0.314037284210309,1,ICL3,82.3,N244A,244,ICL3,0,0,0,NA,other
Gs,0.1292443844670276,0.938234202000151,0.02395003515931567,0.02889146161011798,-6.911034447808923,0.07475550784656033,0.3965007911837443,0.321745283337184,1,ICL3,79.8,L245A,245,ICL3,0,0,0,NA,other
Gs,0.6578975619337747,0.9214015796915608,-0.00141937162109632,0.00479407895572266,-6.382381270342177,0.07348348372054365,0.3711313844033323,0.2976479006827887,1,ICL3,102.8,S246A,246,ICL3,0,0,0,NA,other
Gs,0.2378705019427144,0.986583989005386,0.024035084790247,0.02514891133196665,-6.802408330333237,0.07858310775564299,0.3965858408146757,0.31800273305903265,1,ICL3,93.4,Q247A,247,ICL3,0,0,0,NA,other
Gs,0.0809671773629314,0.9458209733727064,0.01665265003312168,0.02099546363852134,-6.959311654913019,0.075354120691963,0.3892034060575503,0.31384928536558737,1,ICL3,99.5,V248A,248,ICL3,0,0,0,NA,other
Gs,0.18682019085230103,0.9736855429420946,0.00599504141464499,0.00816482766359696,-6.85345864142365,0.078505455376736,0.38948462025349095,0.310979164876755,1,ICL3,93.7,E249A,249,ICL3,0,0,0,NA,other
Gs,0.25821042661385585,1.006692365395957,0.01526212261561349,0.01480170487770349,-6.782068405662095,0.08113565936359798,0.3987517014544595,0.3176160420908615,1,ICL3,99.4,Q250A,250,ICL3,0,0,0,NA,other
Gs,0.1174104348371244,0.8744232358801708,0.00593510704490167,0.01599371646418164,-6.922868397438827,0.06963832487808268,0.3784858630693303,0.30884753819124766,1,ICL3,101.9,D251A,251,ICL3,0,0,0,NA,other
Gs,0.07186281335198756,1.0225797588718455,0.00497516132588001,0.00326072810830365,-6.968416018923963,0.081411367514939,0.37752591735030866,0.29611454983536967,1,ICL3,92.1,G252A,252,ICL3,0,0,0,NA,other
Gs,0.5364679043536311,0.9844269285914992,-0.00234104413233599,-0.00111152886467933,-6.50381092792232,0.078467419029706,0.3702097118920927,0.2917422928623867,1,ICL3,111.3,R253A,253,ICL3,0,0,0,NA,other
Gs,-0.10621187250947894,1.0503936388096156,-0.007420383655099,-0.01128607922189465,-7.14649070478543,0.07336498710324164,0.35963154113614465,0.286266554032903,1,ICL3,73.8,T254A,254,ICL3,0,0,0,NA,other
Gs,0.07149163014996418,0.8801475005654706,0.02556553684167434,0.03516327577330432,-6.968787202125987,0.07009919536573267,0.398116292866103,0.32801709750037034,1,ICL3,107.8,G255A,255,ICL3,0,0,0,NA,other
Gs,0.3367525293198212,0.869223817959376,0.01976645251035765,0.03014215940101931,-6.70352630295613,0.06932122740670099,0.3923172085347863,0.3229959811280853,1,ICL3,92,H256A,256,ICL3,0,0,0,NA,other
Gs,0.05472916154501798,0.8603238258060458,0.03023240690972265,0.04146973515868533,-6.985549670730933,0.06845960604839997,0.40278316293415134,0.3343235568857513,1,ICL3,85.5,G257A,257,ICL3,0,0,0,NA,other
Gs,-0.2252999643135188,0.9049740607007032,0.018580701559679,0.0260922151432603,-7.26557879658947,0.07218542071378135,0.39113145758410767,0.3189460368703263,1,ICL3,93.2,L258A,258,ICL3,0,0,0,NA,other
Gs,0.03988332045799433,0.8560856275570348,0.00852554274091368,0.01997638258283931,-7.000395511817957,0.06824609445543701,0.3810762987653423,0.3128302043099053,1,ICL3,99.4,R259A,259,ICL3,0,0,0,NA,other
Gs,-0.11275326882944577,0.8400030341725365,0.01696935913414567,0.02981971515042665,-7.1530321011053966,0.06684657828108166,0.3895201151585743,0.3226735368774927,1,ICL3,115.7,R260A,260,ICL3,0,0,0,NA,other
Gs,0.42886722874406785,0.8773331644866299,0.00421731251552034,0.01400828228488199,-6.6114116035318835,0.069905964528001,0.376768068539949,0.306862104011948,1,ICL3,105.8,S261A,261,ICL3,0,0,0,NA,other
Gs,0.12965452328060115,0.7858563210472369,0.01739111595775699,0.03447053357846966,-6.91062430899535,0.06261751667664998,0.38994187198218566,0.32732435530553566,1,6x24,103.4,S262A,262,TM6,0,0,0,NA,core
Gs,0.4181097982125976,0.9662694359904712,0.01734821800117232,0.02014682694142999,-6.6221690340633534,0.07689832535710499,0.389898974025601,0.31300064866849603,1,6x25,116.9,K263A,263,TM6,0,0,0,NA,core
Gs,0.00658857042141776,0.976480558179618,0.026833493564299,0.02864845616343231,-7.033690261854534,0.07788197169822934,0.3993842495887277,0.32150227789049834,1,6x26,79,F264A,264,TM6,0,0,0,NA,core
Gs,0.04479871712335429,0.8648317588678475,-0.003022065982438,0.00777294365165065,-6.9954801151525965,0.068901924663274,0.3695286900419907,0.3006267653787167,1,6x27,77.7,C265A,265,TM6,0,0,0,NA,core
Gs,0.02063695358343794,1.1731573539171292,0.01986806712198733,0.0073232962049573,-7.019641878692513,0.08204406245347602,0.386919991913231,0.304875929459755,1,6x28,102,L266A,266,TM6,0,0,0,NA,core
Gs,0.24517153609333095,1.0749796152182869,0.02731533446121065,0.02169195173116765,-6.79510729618262,0.08295802003632234,0.401260267112724,0.31830224707640165,1,6x29,92.3,K267A,267,TM6,0,0,0,neutral,core
Gs,0.1424106824110214,0.6313262180687232,0.01662086427999998,0.04534238463821849,-6.89786814986493,0.0484102757808445,0.402201708059473,0.3537914322786285,1,6x30,67.8,E268A,268,TM6,0,0,0,NA,core
Gs,0.32420035172499456,0.9064053619935448,0.01166880018594464,0.01932726786869398,-6.716078480550957,0.06967616962353,0.385613732837458,0.315937563213928,1,6x31,88.9,H269A,269,TM6,0,0,0,NA,core
Gs,0.6390915099502376,1.0047954444603977,0.03806513745734199,0.03800373973728332,-6.401187322325714,0.077396035026338,0.4120100701088553,0.33461403508251736,1,6x32,93,K270A,270,TM6,0,1,0,neutral,G protein
Gs,0.8131092311038044,0.9703525778151452,0.03091508474869297,0.03342725974949564,-6.227169601172147,0.07482246230547668,0.40486001740020633,0.33003755509472965,1,6x33,92.9,A271G,271,TM6,0,1,0,neutral,G protein
Gs,-0.6867731098479689,0.9156455767003668,0.02801592887125433,0.03518810306160965,-7.72705194212392,0.07016246311592401,0.40196086152276767,0.33179839840684366,1,6x34,83.1,L272A,272,TM6,0,0,0,NA,core
Gs,0.8930225803874045,1.0524978363884436,0.02220209482122864,0.01849193575377631,-6.147256251888547,0.08104479637373167,0.396147027472742,0.3151022310990103,1,6x35,92.1,K273A,273,TM6,0,0,0,NA,core
Gs,0.03135012620808641,0.8112051785620744,0.01340179668385047,0.02850111379606398,-7.008928706067865,0.06203247902684949,0.3989826404633235,0.336950161436474,1,6x36,82.3,T274A,274,TM6,0,1,0,neutral,G protein
Gs,0.9320032474993608,0.6009905680749197,0.01630225500743548,0.04737177569678449,-6.108275584776591,0.046062275449714,0.40188309878690853,0.3558208233371945,1,6x37,87.8,L275A,275,TM6,0,1,0,neutral,G protein
Gs,0.6330419126622511,0.8696087940278102,-0.00400461374092803,0.00619697558181497,-6.4072369196137,0.06693020681632,0.381576230038545,0.314646023222225,1,6x38,89.6,G276A,276,TM6,0,0,0,NA,core
Gs,0.05908345895992584,0.87389979910796,-0.00928981108688403,7.067445917859905e-4,-6.981195373316025,0.06713524046039299,0.376291032692589,0.309155792232196,1,6x39,76,I277A,277,TM6,0,0,0,NA,core
Gs,0.6891439192267743,0.8503658051995666,0.00400043737720666,0.01365415948037166,-6.351134913049177,0.05984556943328099,0.37105236216845033,0.3112067927351693,1,6x40,68.8,I278A,278,TM6,0,0,0,NA,core
Gs,1.620323514389136,0.9876182581374188,0.02029458123969249,0.021434799867486,-5.419955317886815,0.0759915775112695,0.4058754250191655,0.329883847507896,1,6x41,84.4,M279A,279,TM6,0,0,0,NA,core
Gs,1.1232720731024246,1.0552469191122102,0.01698775879549998,0.01278431780448698,-5.9170067591735265,0.08153807829729233,0.3909326914470133,0.309394613149721,1,6x42,91.9,G280A,280,TM6,0,0,0,NA,core
Gs,0.5976030828096276,0.9297570096400056,0.02704876595279763,0.03258784348518665,-6.442675749466323,0.07179555977389031,0.400993698604311,0.32919813883042065,1,6x43,95,T281A,281,TM6,0,0,0,NA,core
Gs,1.4077847303631843,0.2520536121594048,0.02609905361592029,0.08412551930498634,-5.632494101912767,0.0193081716172133,0.4000439862674337,0.38073581465022033,1,6x44,67.4,F282A,282,TM6,0,0,0,NA,core
Gs,0.2302490914521611,1.0119042304191117,0.03442094436504864,0.03377503663235633,-6.81002974082379,0.07798054503897166,0.408365877016562,0.33038533197759035,1,6x45,90.9,T283A,283,TM6,0,0,0,NA,core
Gs,0.2977360094088744,0.8834364616941452,0.00772458836613097,0.01705766011823865,-6.742542822867077,0.06800156555417165,0.38166952101764434,0.31366795546347265,1,6x46,88.3,L284A,284,TM6,0,0,0,NA,core
Gs,1.4750508875862447,0.6735706107189212,-0.00765802628180334,0.01775065559453598,-5.565227944689706,0.05192595542994002,0.36628690636971,0.31436095093977,1,6x47,78.2,C285A,285,TM6,0,0,0,NA,core
Gs,0.04027883227595108,0,0.11441915622052698,-0.10844904764041,-7,0,0.5,0.2,2,6x48,10.1,W286A,286,TM6,0,0,0,NA,core
Gs,0.09925582791160624,0.6577042949294758,-0.0217907389918715,0.00483392660960446,-6.941023004364345,0.05050713053758704,0.36379010478760154,0.3132829742500145,1,6x49,97.3,L287A,287,TM6,0,0,0,NA,core
Gs,1.3490326975819014,0.2354851751158607,0.02027513753862497,0.079406450240848,-5.691246134694049,0.01800048343683999,0.405855981318098,0.387855497881258,1,6x50,16.3,P288A,288,TM6,0,0,0,NA,core
Gs,2.5437414194013463,0.44063821115684454,0.00251997114652099,0.046613634258685,-4.496537412874605,0.03303813302689901,0.388100814925994,0.355062681899095,1,6x51,67.8,F289A,289,TM6,1,0,0,NA,ligand
Gs,1.182589217892544,0.917236694613938,0.02629065993239832,0.03172810659121866,-5.857689614383407,0.06406184487762566,0.393342584723642,0.32928073984601636,1,6x52,109.8,F290A,290,TM6,1,0,0,NA,ligand
Gs,0.575686457603528,0.6994104515889645,0.09852975685121795,0.12101037870280935,-6.464592374672423,0.05030566517538263,0.4352062980568237,0.384900632881441,1,6x53,1,I291A,291,TM6,0,0,0,NA,core
Gs,0.179448578675391,1.08286424322649,0.01275274800241266,0.00758055966310268,-6.86083025360056,0.07795847536628399,0.34942928920801836,0.2714708138417343,1,6x54,94.3,V292A,292,TM6,0,0,0,NA,core
Gs,0.9990228213134044,0.9638566493688442,-8.157923836256872e-4,0.00296753003839633,-6.041256010962547,0.06900296460495199,0.33586074882197997,0.266857784217028,1,6x55,70.4,N293A,293,TM6,1,0,0,NA,ligand
Gs,0.8459299944583479,1.0872286039700292,0.00834655322560832,0.00270699594888901,-6.1943488378176035,0.07842584430369333,0.345023094431214,0.26659725012752067,1,6x56,70.2,I294A,294,TM6,0,0,0,NA,core
Gs,-0.5288908400036725,0.95220839177932,-0.00946684668948768,-0.00518753470278332,-7.569169672279624,0.06850697504026966,0.327209694516118,0.25870271947584833,1,6x57,55.3,V295A,295,TM6,0,0,0,NA,core
Gs,-0.1282897067806387,0.916870966149044,0.00430699187557664,0.01063219149133334,-7.16856853905659,0.06646108741121733,0.34098353308118234,0.274522445669965,1,6x58,78.5,H296A,296,TM6,0,0,0,NA,core
Gs,-0.3200045222623755,1.030207318322887,0.00242689565002731,6.511086286350257e-4,-7.360283354538327,0.0745620740483663,0.339103436855633,0.2645413628072667,1,6x59,97.7,V297A,297,TM6,0,0,0,NA,core
Gs,-0.2458972847542856,0.9281933725070958,-0.00232698735819432,0.00352589838096199,-7.286176117030236,0.0669334012878177,0.33434955384741133,0.26741615255959367,1,6x60,68.4,I298A,298,TM6,0,0,0,NA,core
Gs,-0.3554891802439191,1.0247663024986102,6.368283897313365e-4,-7.647618072966766e-4,-7.39576801251987,0.07418787722400204,0.33731336959533703,0.263125492371335,1,6x61,109.7,Q299A,299,TM6,0,0,0,NA,core
Gs,-0.2921385417504023,0.9934283490339668,-8.964097352067342e-5,4.510005250273341e-4,-7.332417374026353,0.07224564552842601,0.336586900232085,0.264341254703659,1,ECL3,96.7,D300A,300,ECL3,0,0,0,NA,other
Gs,0.09938760954595428,0.9939806189060528,0.011891393175767,0.01279213052055366,-6.940891222729997,0.07188554968218736,0.3485679343813727,0.2766823846991853,1,ECL3,63.9,N301A,301,ECL3,0,0,0,NA,other
Gs,0.01531152934433777,0.9132750267141588,0.03277769992129466,0.03878968938920065,-7.024967302931613,0.06348730206854002,0.3998296247125384,0.3363423226439983,1,ECL3,102.9,L302A,302,ECL3,0,0,0,NA,other
Gs,0.5504224457386945,0.892400788928368,0.03548638123040765,0.04456940830944134,-6.489856386537257,0.06370325994794034,0.37216292243601334,0.308459662488073,1,ECL3,50.7,I303A,303,ECL3,0,0,0,NA,other
Gs,-0.09149938256753892,0.7443063683807073,-0.00970694490109232,0.01006004691742066,-7.13177821484349,0.05301929520846103,0.32696959630451333,0.27395030109605234,1,7x30,85.9,R304A,304,TM7,0,0,0,NA,core
Gs,0.6147149515262876,0.8198565375054682,-0.00794378885505135,0.00615776111011834,-6.425563880749664,0.05868473706180432,0.3287327523505543,0.27004801528875,1,7x31,66.8,K305A,305,TM7,0,0,0,NA,core
Gs,0.9744546833684812,0.5085863624365728,0.00425385621665832,0.04068919752381367,-6.06582414890747,0.03635094571981867,0.340930397422264,0.3045794517024453,1,7x32,22.7,E306A,306,TM7,0,0,0,NA,core
Gs,0.3625676528143143,0.8460013264742401,-0.01053773181730634,0.00146800164622901,-6.677711179461637,0.06078055356343866,0.3261388093882993,0.26535825582486067,1,7x33,86.9,V307A,307,TM7,0,0,0,NA,core
Gs,1.095077001789828,1.0257775150145865,0.00734707269712799,0.00649933479764201,-5.945201830486123,0.07363402492646,0.34402361390273367,0.2703895889762737,1,7x34,92,Y308A,308,TM7,0,0,0,NA,core
Gs,0.2379882871039077,0.732570253953555,-0.03997459331893435,-0.02020293509631865,-6.802290545172044,0.05301462880435833,0.2967019478866713,0.243687319082313,1,7x35,93,I309A,309,TM7,0,0,0,NA,core
Gs,-0.3513442748249321,0.7824476957243222,-0.03270037673959066,-0.01545563993773433,-7.391623107100883,0.0555415502251177,0.303976164466015,0.24843461424089733,1,7x36,89.8,L310A,310,TM7,0,0,0,NA,core
Gs,0.3378379948059476,0.9405724844614702,-0.01004666411233366,-0.00470691982650765,-6.702440837470004,0.06744654274114802,0.326629877093272,0.259183334352124,1,7x37,87.8,L311A,311,TM7,0,0,0,NA,core
Gs,2.842364838428561,0.5435397941037636,0.0206856554530305,0.05120220114842752,-4.19791399384739,0.03659706879883601,0.355703657438857,0.319106588640021,1,7x38,46.9,N312A,312,TM7,1,0,0,NA,ligand
Gs,0.8971676566803811,0.4678786898541479,0.01546555673209967,0.05468757436551833,-6.14311117559557,0.03356426939355535,0.35214209793770535,0.31857782854415,1,7x39,28.8,W313A,313,TM7,0,0,0,NA,core
Gs,0.4277416967694411,0.8431110478743993,-0.02242908198407267,-0.011246792960312,-6.61253713550651,0.05831700251268532,0.344622842807171,0.2863058402944857,1,7x40,110.4,I314A,314,TM7,0,0,0,NA,core
Gs,0.7109321743744811,0.7255600377601219,0.02104724266545234,0.04337614839932935,-6.32934665790147,0.05507417557415367,0.36319270268081966,0.308118527106666,1,7x41,27.9,G315A,315,TM7,0,0,0,NA,core
Gs,1.437209072714581,0.49173751284744704,0.03080931950015801,0.07012565411573701,-5.60306975956137,0.03808674669245168,0.37295477951552536,0.33486803282307365,1,7x42,19,Y316A,316,TM7,1,0,0,NA,ligand
Gs,-0.389246846096109,1.042847455923898,0.02192070958272333,0.019161992774177,-7.42952567837206,0.08016179811657702,0.3640661695980907,0.28390437148151365,1,7x43,91.5,V317A,317,TM7,0,0,0,NA,core
Gs,0.9072070250380044,0.8811383615977908,0.01959807570212267,0.03002614132180666,-6.133071807237947,0.06697501568834668,0.36174353571749,0.29476852002914333,1,7x45,86.7,N318A,318,TM7,0,0,0,NA,core
Gs,0.7798282675469341,1.0672842500410338,0.00471823230824066,8.74024424191692e-4,-6.260450564729017,0.08124728919207964,0.346863692323608,0.26561640313152834,1,7x46,93.9,S319A,319,TM7,0,0,0,NA,core
Gs,-0.4598802640704924,1.022408713786699,0.00169763090638967,0.00192490631798201,-7.500159096346444,0.07717580589643834,0.343843090921757,0.26666728502531867,1,7x47,90,G320A,320,TM7,0,0,0,NA,core
Gs,0.14729945364245425,1.0734426302952838,0.02189553579723733,0.01770276502369603,-6.8929793786334965,0.08159585208157198,0.3640409958126047,0.2824451437310327,1,7x48,78.8,F321A,321,TM7,0,0,0,NA,core
Gs,1.3355915327222814,0.6406103531989944,0.02165753658380033,0.05130769749953068,-5.70468729955367,0.04775292039230033,0.3638029965991677,0.3160500762068673,1,7x49,104.8,N322A,322,TM7,0,0,0,NA,core
Gs,1.2003851075811345,0.8279659902524352,0.00248274949903667,0.01653675002278602,-5.839893724694817,0.06334908078428132,0.344628209514404,0.2812791287301227,1,7x50,83.8,P323A,323,TM7,0,0,0,NA,core
Gs,0.24477023748671467,1.0470709736153043,0.00997785908436234,0.00760714542310832,-6.795508594789236,0.0797737949692847,0.35212331909972966,0.272349524130445,1,7x51,79.2,L324A,324,TM7,0,0,0,NA,core
Gs,1.2207891334607277,0.8216326751737645,0.033621374158373,0.048492242724151,-5.819489698815223,0.06253221274225268,0.3757668341737403,0.31323462143148767,1,7x52,58.4,I325A,325,TM7,0,0,0,NA,core
Gs,0.703964142381588,0.5348546605813506,0.0361912353928373,0.06815046146670933,-6.336314689894363,0.03754006546257397,0.40324316018408096,0.365703094721507,1,7x53,91.6,Y326A,326,TM7,0,0,0,neutral,core
Gs,-0.4251002311200989,0.8963398735987951,-0.00688078987556201,0.00379104262045833,-7.46537906339605,0.06673124881201033,0.3352646701398053,0.268533421327795,1,7x54,89.4,C327A,327,TM7,0,0,0,NA,core
Gs,0.638193313049571,1.23186575023051,0.028774743866583002,0.01284602320765267,-6.40208551922638,0.093331801966961,0.3709202038819503,0.27758840191498935,1,7x55,98.4,R328A,328,TM7,0,0,0,neutral,core
Gs,0.322663110436561,0.968867602106956,0.02214580037940566,0.026017516136486,-6.71761572183939,0.07353136555095034,0.364291260394773,0.29075989484382264,1,8x47,83.9,S329A,329,H8,0,0,0,neutral,core
Gs,0.01173274623072107,0.9893923590125068,0.012415350920007,0.014814323305677,-7.02854608604523,0.07500410892236069,0.35456081093537434,0.27955670201301364,1,8x48,87.3,P330A,330,H8,0,0,0,neutral,core
Gs,0.08845651488895119,0.8115242454955448,0.00488979456860932,0.02246414421582867,-6.951822317387,0.05982873166081134,0.34703525458397666,0.28720652292316534,1,8x49,68.7,D331A,331,H8,0,0,0,neutral,core
Gs,1.2260807991765308,0.5177136236204929,-0.00875149524343033,0.029414571835684,-5.81419803309942,0.03923701422891634,0.333393964771937,0.29415695054302066,1,8x50,45.4,F332A,332,H8,0,0,0,neutral,core
Gs,0.10912582827097772,0.8839565298179097,-0.00120469734438566,0.00939484597665402,-6.931153004004973,0.066803537986991,0.34094076267098167,0.27413722468399065,1,8x51,91.1,R333A,333,H8,0,0,0,NA,core
Gs,-0.1463869846524822,0.9418642038697688,0.00285251041355166,0.00930767352976733,-7.186665816928433,0.07094791819181501,0.344997970428919,0.274050052237104,1,8x52,98,I334A,334,H8,0,0,0,NA,core
Gs,0.3859828488674542,0.9268609707287192,0.01715604734163101,0.02475922587148934,-6.654295983408497,0.06979990277817234,0.35930150735699834,0.289501604578826,1,8x53,64.5,A335G,335,H8,0,0,0,NA,core
Gs,0.3201340563363413,1.0267250701159705,0.015201230594534,0.01511937349055967,-6.72014477593961,0.077484938412005,0.3573466906099013,0.27986175219789633,1,8x54,63.3,F336A,336,H8,0,0,0,NA,core
Gs,0.13365214170454465,1.047371048336613,0.02176689242829432,0.01997294536198668,-6.906626690571406,0.07919702837433833,0.36391235244366166,0.2847153240693233,1,8x55,81.4,Q337A,337,H8,0,0,0,NA,core
Gs,0.5375260934447343,0.8942285046940021,0.02065187056668999,0.02767672563291597,-6.502752738831217,0.06247443647022002,0.3877037953579336,0.32522935888771365,1,8x56,66.7,E338A,338,H8,0,0,0,NA,core
Gs,0.4038535071691776,0.8729486965172446,0.0120747865731083,0.02345615766186565,-6.6364253251067735,0.07676967903962466,0.39126415487459,0.3144944758349653,1,8x57,50.3,L339A,339,H8,0,0,0,NA,core
Gs,0.32901974250001764,0.7526376306313816,0.00720691493286533,0.02924644182721064,-6.711259089775933,0.06611152323403668,0.386396283234347,0.3202847600003103,1,8x58,59.8,L340A,340,H8,0,0,0,NA,core
Gs,0.18535547449382772,0.90648298804743,0.00725649804015865,0.01618377841253931,-6.854923357782123,0.07922376975600133,0.3864458663416403,0.307222096585639,1,8x59,76.8,C341A,341,H8,0,0,0,NA,core
Gs,0.08561877385840806,0.966438268080859,8.813534279076459e-4,0.00368079992134031,-6.954660058417543,0.08535160363494933,0.3800707217293893,0.29471911809444,1,C-term,88.8,L342A,342,C-term,0,0,0,NA,other
Gs,0.05585165967055457,0.9147724107061924,0.01204423221784432,0.01916917328087699,-6.984427172605397,0.08102610906534934,0.391233600519326,0.3102074914539767,1,C-term,72.5,R343A,343,C-term,0,0,0,NA,other
Gs,0.05150959064077121,1.0344636096861832,0.05223336902104399,0.04848757587403866,-6.98876924163518,0.09189684327538732,0.4314227373225257,0.33952589404713834,1,C-term,72.9,R344A,344,C-term,0,0,0,NA,other
Gs,-0.02324253454864215,0.9492374845813624,0.00560844269546532,0.00975061069572665,-7.0635213668245935,0.08400888212812067,0.384797810996947,0.30078892886882636,1,C-term,109.6,S345A,345,C-term,0,0,0,NA,other
Gs,-0.16469813584691226,0.9466049349663144,0.00448120092301932,0.00911494933044565,-7.204976968122863,0.08351730172095567,0.383670569224501,0.3001532675035453,1,C-term,96.9,S346A,346,C-term,0,0,0,NA,other
Gs,-0.4732262181560888,1.0149787181122627,0.00855657410147098,0.00731140333638332,-7.51350505043204,0.08939622089346966,0.3877459424029527,0.298349721509483,1,C-term,109.9,L347A,347,C-term,0,0,0,NA,other
Gs,-0.3490478891036523,1.084238583607308,0.01413766934506664,0.00625159728368131,-7.389326721379604,0.09603712218976732,0.3933270376465483,0.297289915456781,1,C-term,93.1,K348A,348,C-term,0,0,0,NA,other
Gs,0.1071654407605746,1.0167003277472055,0.01254712557869099,0.01126384094848666,-6.933113391515376,0.08943433475858632,0.3917364938801727,0.30230215912158637,1,C-term,78.3,A349G,349,C-term,0,0,0,NA,other
Gs,-0.07263771222186222,0.9940898439131988,0.02471466969023232,0.02491414235019666,-7.112916544497813,0.06929981887648166,0.391766594481476,0.3224667756049943,1,C-term,73.1,Y350A,350,C-term,0,0,0,NA,other
Gs,-0.06422866943961214,0.88617485340738,-0.01257980057440368,-0.00244034528187268,-7.104507501715563,0.078011594835851,0.366609567727078,0.288597972891227,1,C-term,86,G351A,351,C-term,0,0,0,NA,other
Gs,-0.03746170719371911,0.8109505329274619,-0.01992440401133001,-0.00292314796527067,-7.07774053946967,0.07114979408232265,0.35926496429015164,0.288115170207829,1,C-term,93,N352A,352,C-term,0,0,0,NA,other
Gs,0.01198433624841458,0.8401658954091347,-0.02031184465149203,-0.00569525792609367,-7.028294496027536,0.07353446340298364,0.35887752364998965,0.285343060247006,1,C-term,97,G353A,353,C-term,0,0,0,NA,other
Gs,0.17989752617094426,0.8326545042043165,-0.01956126342786801,-0.00445744513969266,-6.8603813061050065,0.07304723184020666,0.3596281048736137,0.286580873033407,1,C-term,108.6,Y354A,354,C-term,0,0,0,NA,other
Gs,-0.0973946606996187,0.8872828635188234,-0.01111001326761901,-6.841916885830246e-4,-7.13767349297557,0.077725228549346,0.3680793550338627,0.29035412648451664,1,C-term,112.4,S355A,355,C-term,0,0,0,NA,other
Gs,-0.07799683785659213,0.8560854922642261,-0.01046513729591069,0.00288351257467334,-7.118275670132543,0.07480240025779795,0.368724231005571,0.293921830747773,1,C-term,98.2,S356A,356,C-term,0,0,0,NA,other
Gs,0.03426748548470767,0.8470294856359176,-0.02692593694946367,-0.01300922688084769,-7.006011346791244,0.07423434005976602,0.352263431352018,0.278029091292252,1,C-term,103.1,N357A,357,C-term,0,0,0,NA,other
Gs,-0.00584884377544536,0.8514769791386637,-0.01129289553310634,0.00215373224584532,-7.0461276760513964,0.07470442234943032,0.36789647276837534,0.293192050418945,1,C-term,100.8,G358A,358,C-term,0,0,0,NA,other
Gs,-0.133390668077659,0.9269693000480808,-0.00629162419572635,6.335985279969925e-4,-7.17366950035361,0.08122582740465865,0.3728977441057553,0.29167191670109666,1,C-term,106.9,N359A,359,C-term,0,0,0,NA,other
Gs,0.03226308029738097,0.8192756723236064,-0.01605657786166903,1.9080855416064857e-4,-7.00801575197857,0.07190366371255232,0.3631327904398126,0.2912291267272603,1,C-term,97.5,T360A,360,C-term,0,0,0,NA,other
Gs,0.12839488069747093,0.908933032849398,0.00967905913542099,0.01799357483489564,-6.9118839515784805,0.07983653442890735,0.3888684274369027,0.30903189300799533,1,C-term,92,G361A,361,C-term,0,0,0,NA,other
Gs,-0.14944799818413212,0.994545365856426,0.01411066931255731,0.01481753607506164,-7.189726830460083,0.06879242477394167,0.381162594103801,0.31237016932985934,1,C-term,71.9,E362A,362,C-term,0,0,0,NA,other
Gs,-0.2972966215265555,1.0264601509089752,0.01902453972888868,0.016678325099786,-7.337575453802507,0.08590110095910632,0.395138125902638,0.30923702494353167,1,C-term,70.6,Q363A,363,C-term,0,0,0,NA,other
Gs,0.00605438085057101,0.953265416618037,0.00312589493344169,0.007474442739777,-7.03422445142538,0.07920633852366833,0.379239481107191,0.30003314258352265,1,C-term,74.9,S364A,364,C-term,0,0,0,NA,other
Gs,-0.13304568556639898,0.9863282694288834,0.02511927243240769,0.02636404784667765,-7.17332451784235,0.08231011091573369,0.401232858606157,0.31892274769042334,1,C-term,83.5,G365A,365,C-term,0,0,0,NA,other
Gs,-0.38932723793629886,0.9749414948172545,0.01838323935419003,0.02121519377640998,-7.42960607021225,0.07754197575805052,0.3899349586864085,0.312392982928358,1,C-term,92.8,Y366A,366,C-term,0,0,0,NA,other
Gs,-0.46894506307451866,1.036447139751289,0.0102381250455035,0.00849745453707448,-7.50922389535047,0.0821146006886995,0.381789844377722,0.2996752436890225,1,C-term,90.8,H367A,367,C-term,0,0,0,NA,other
Gs,-0.15697121096887923,0.8515229523732719,0.00941614803893201,0.02197059130990397,-7.19725004324483,0.06781948690929851,0.3809678673711505,0.313148380461852,1,C-term,94.5,V368A,368,C-term,0,0,0,NA,other
Gs,-0.27290618838908376,0.908474712238162,0.00520824310619802,0.01328578079641598,-7.313185020665035,0.07229639249005251,0.3767599624384165,0.304463569948364,1,C-term,96.3,E369A,369,C-term,0,0,0,NA,other
Gs,-0.303543038559089,1.024351734241424,0.01616605273848603,0.01414160916555368,-7.34382187083504,0.085579329902936,0.3922796389122354,0.30670030900929934,1,C-term,76.7,Q370A,370,C-term,0,0,0,NA,other
Gs,0.0655965658905376,0.8758714510647173,-0.00527351640209631,0.00541453474845401,-6.974682266385414,0.07286683517945332,0.370840069771653,0.29797323459219965,1,C-term,89.2,E371A,371,C-term,0,0,0,NA,other
Gs,0.06004272982072786,0.9991406109921528,0.00213326789611167,0.00303027444496201,-6.9802361024552235,0.08265787978115331,0.37824685406986097,0.2955889742887077,1,C-term,71.4,K372A,372,C-term,0,0,0,NA,other
Gs,-0.02296714645659866,0.8886405924406343,-0.0020707028808713,0.00723090051907467,-7.0632459787325494,0.07425328293005767,0.374042883292878,0.2997896003628203,1,C-term,64.9,E373A,373,C-term,0,0,0,NA,other
Gs,0.2538826991069545,0.9400168333772444,0.00223817012903132,0.00622151298547133,-6.786396133168997,0.06551594868000599,0.369290094920275,0.303774146240269,1,C-term,110,N374A,374,C-term,0,0,0,NA,other
Gs,-0.21508745095939888,0.9375663054414406,0.00743918706259435,0.01342128004506101,-7.25536628323535,0.07757279334753699,0.3835527732363437,0.30597997988880665,1,C-term,87,K375A,375,C-term,0,0,0,NA,other
Gs,-0.19239326951403896,0.929478792965136,0.00750422549968702,0.01385214167207266,-7.23267210178999,0.07720697015761802,0.38361781167343634,0.3064108415158183,1,C-term,93,L376A,376,C-term,0,0,0,NA,other
Gs,-0.1826724577132189,0.8884651568989983,0.00659285541810568,0.01672857812053135,-7.22295128998917,0.07341916362757799,0.382706441591855,0.309287277964277,1,C-term,81.3,L377A,377,C-term,0,0,0,NA,other
Gs,0.0993097108110712,0.8238870246776535,-0.00687816069527047,0.0086678610303755,-6.94096912146488,0.0648279084546245,0.364673558636948,0.2998456501823235,1,C-term,77.1,C378A,378,C-term,0,0,0,NA,other
Gs,-0.17461582447365398,0.8929374468104486,0.01202190881233403,0.020178960942415,-7.214894656749605,0.0722168780501895,0.38357362814455254,0.31135675009436303,1,C-term,79.6,E379A,379,C-term,0,0,0,NA,other
Gs,-0.02698743281695392,0.8490876216908997,6.274145598100245e-4,0.01333145529710699,-7.067266265092905,0.0676698894429735,0.3721791338920285,0.30450924444905503,1,C-term,92.2,D380A,380,C-term,0,0,0,NA,other
Gs,-0.09787491569777408,0.8292177254706293,-0.00448271131497646,0.0098674813801235,-7.138153747973725,0.06602373748517051,0.367069008017242,0.30104527053207153,1,C-term,102.8,L381A,381,C-term,0,0,0,NA,other
Gs,0.09532357912619104,0.8432064272978839,-0.00822917692154399,0.00567723029872633,-6.94495525314976,0.06964847910973332,0.36788440925220534,0.298235930142472,1,C-term,91.3,P382A,382,C-term,0,0,0,NA,other
Gs,-0.01866424106461591,0.7947984453775867,-0.0128034446352773,0.00487883500527867,-7.058943073340567,0.06587260668944767,0.363310141538472,0.29743753484902435,1,C-term,89.3,G383A,383,C-term,0,0,0,NA,other
Gs,-0.00212569495096885,0.8342647751065487,5.61864918337022e-4,0.01514451461777832,-7.04240452722692,0.06897223663056234,0.37667545109208633,0.307703214461524,1,C-term,89.1,T384A,384,C-term,0,0,0,NA,other
Gs,0.15190091068357425,0.7936600026716547,-0.00560704047622799,0.01298456885462832,-6.888377921592377,0.06496327699914733,0.37050654569752134,0.305543268698374,1,C-term,68.8,E385A,385,C-term,0,0,0,NA,other
Gs,0.0927724210411111,1.0059851164609968,0.01646018319453198,0.01708557480843433,-6.94750641123484,0.077070723450798,0.389028157454811,0.311957434004013,1,C-term,82.1,D386A,386,C-term,0,0,0,NA,other
Gs,-0.1977808657433388,0.9393144515443111,-0.00265998663224834,0.00232958723132701,-7.23805969801929,0.07270654120112498,0.3699079876280307,0.29720144642690566,1,C-term,87.1,F387A,387,C-term,0,0,0,NA,other
Gs,-0.17374389205886911,1.0156680689803228,0.01748400744677599,0.01715919667934035,-7.2140227243348205,0.07802092583213599,0.390051981707055,0.31203105587491903,1,C-term,77.8,V388A,388,C-term,0,0,0,NA,other
Gs,0.17285822435222808,1.0073005982342689,0.01614685470058465,0.01595530986505267,-6.867420607923723,0.07788765990023233,0.3887148289608637,0.31082716906063135,1,C-term,76.2,G389A,389,C-term,0,0,0,NA,other
Gs,-0.02578132053261909,1.0421009642522283,0.01361058109991197,0.01086362783791666,-7.0660601528085705,0.08044306832669566,0.38617855536019097,0.30573548703349535,1,C-term,60,H390A,390,C-term,0,0,0,NA,other
Gs,0.06547610019006456,0.9441894374638768,0.02035851892993467,0.02510011339058534,-6.9748027320858865,0.07295452060404968,0.39292649319021367,0.319971972586164,1,C-term,70.1,Q391A,391,C-term,0,0,0,NA,other
Gs,-0.12837947345659254,0.9287506671083444,0.02319396314851864,0.02900195259802568,-7.168658305732544,0.07188812561519331,0.39576193740879767,0.32387381179360436,1,C-term,49.9,G392A,392,C-term,0,0,0,NA,other
Gs,0.02266161011340125,0.9138499525464052,2.266831971903064e-4,0.00785928329075765,-7.01761722216255,0.070063514971133,0.3727946574574693,0.3027311424863363,1,C-term,86.6,T393A,393,C-term,0,0,0,NA,other
Gs,-0.02509893109871204,0.8936178505306882,0.01036775428087366,0.02030297338658001,-7.065377763374663,0.067760895958994,0.38293572854115265,0.31517483258215867,1,C-term,97.7,V394A,394,C-term,0,0,0,NA,other
Gs,0.15978064601306782,0.8262196744118422,0.00964176612366833,0.02464118992705235,-6.880498186262884,0.06269669126131633,0.38220974038394734,0.319513049122631,1,C-term,96.2,P395A,395,C-term,0,0,0,NA,other
Gs,0.10311299386371786,0.8717986186386095,-8.464747307303511e-4,0.01032882389621801,-6.937165838412233,0.06652081643775198,0.37172149952954864,0.30520068309179665,1,C-term,87.5,S396A,396,C-term,0,0,0,NA,other
Gs,0.20719522275120783,0.8697910663062998,0.00300443055046532,0.01460214649335767,-6.833083609524743,0.066098399121808,0.37557240481074433,0.30947400568893635,1,C-term,77.4,D397A,397,C-term,0,0,0,NA,other
Gs,0.3219440955545944,0.8990854257260287,0.01100692428641364,0.02049115272709734,-6.718334736721356,0.06821188662401666,0.38357489854669263,0.315363011922676,1,C-term,81.3,N398A,398,C-term,0,0,0,NA,other
Gs,0.28394629077003114,0.8451829152377903,0.00907344490280267,0.02211180522968766,-6.75633254150592,0.06465775473781536,0.3816414191630817,0.3169836644252663,1,C-term,82.4,I399A,399,C-term,0,0,0,NA,other
Gs,-0.01556578435285901,0.8962946144860238,-0.00141828254182801,0.007383281261758,-7.05584461662881,0.06889455126111432,0.37114969171845097,0.30225514045733665,1,C-term,66,D400A,400,C-term,0,0,0,NA,other
Gs,0.1338120753120077,0.91661715529605,0.00134365461007499,0.00890743537508,-6.906466756963943,0.07013233429969534,0.373911628870354,0.30377929457065866,1,C-term,93.2,S401A,401,C-term,0,0,0,NA,other
Gs,0.02444193004839778,1.0931009000312943,0.02240767447690235,0.01519035271220531,-7.015836902227553,0.07834944774748002,0.388401541540952,0.310052093793472,1,C-term,91.6,Q402A,402,C-term,0,0,0,NA,other
Gs,0.26916407625411437,1.0484448179606445,0.02092497083610367,0.01735219130397197,-6.771114756021837,0.07470490551491467,0.3869188379001533,0.31221393238523865,1,C-term,93.3,G403A,403,C-term,0,0,0,NA,other
Gs,-0.2462955164993721,1.145214401547263,0.02429715943816803,0.01370293406568664,-7.286574348775323,0.08172635135526436,0.3902910265022177,0.3085646751469533,1,C-term,85.3,R404A,404,C-term,0,0,0,NA,other
Gs,-0.0303809938748157,1.065972180919551,0.01450800727601734,0.00989400948266165,-7.0706598261507665,0.07574612377613867,0.380501874340067,0.30475575056392834,1,C-term,78.1,N405A,405,C-term,0,0,0,NA,other
Gs,-0.0098415886736222,1.0286218353768812,0.02087857717262337,0.01870999982414266,-7.050120420949574,0.07330070333126369,0.386872444236673,0.31357174090540935,1,C-term,83.4,C406A,406,C-term,0,0,0,NA,other
Gs,0.16163078260333608,1.1028146651044757,0.02265744655055651,0.016564798834893,-6.878648049672615,0.07227422009197398,0.3845471917501355,0.3122729716581615,1,C-term,74,S407A,407,C-term,0,0,0,NA,other
Gs,0.361383117735091,1.162576645941114,0.07967012058194903,0.069473061837935,-6.67889571454086,0.0763786311203245,0.441559865781528,0.3651812346612035,1,C-term,60.9,T408A,408,C-term,0,0,0,NA,other
Gs,0.11989588252031602,1.0766906235297284,0.01687564294444002,0.012743764744747,-6.920382949755635,0.0703134505760035,0.378765388144019,0.3084519375680155,1,C-term,92.3,N409A,409,C-term,0,0,0,NA,other
Gs,0.05333860823167432,1.0186047831897485,0.01599294034182635,0.01478597333505632,-6.986940224044277,0.072339092989553,0.381986807405876,0.309647714416323,1,C-term,83.6,D410A,410,C-term,0,0,0,NA,other
Gs,-0.07446277305489228,1.0227880777682017,0.02342544355686436,0.02184267583959766,-7.114741605330844,0.07271489370004967,0.389419310620914,0.3167044169208643,1,C-term,92.1,S411A,411,C-term,0,0,0,NA,other
Gs,0.07610317589027756,0.9381491877241712,0.01237338710351767,0.01714052898138266,-6.964175656385674,0.06636498410491798,0.37836725416756734,0.31200227006264936,1,C-term,94.4,L412A,412,C-term,0,0,0,NA,other
Gs,0.1188866090996911,1.0174421885958025,0.0087330903974207,0.00734625701340267,-6.92139222317626,0.07251895936680101,0.37472695746147033,0.30220799809466936,1,C-term,79.9,L413A,413,C-term,0,0,0,NA,other
