GPCRdb,SSE,amino_acid
1x28,TM1,33
1x29,TM1,34
1x30,TM1,35
1x31,TM1,36
1x32,TM1,37
1x33,TM1,38
1x34,TM1,39
1x35,TM1,40
1x36,TM1,41
1x37,TM1,42
1x38,TM1,43
1x39,TM1,44
1x40,TM1,45
1x41,TM1,46
1x42,TM1,47
1x43,TM1,48
1x44,TM1,49
1x45,TM1,50
1x46,TM1,51
1x47,TM1,52
1x48,TM1,53
1x49,TM1,54
1x50,TM1,55
1x51,TM1,56
1x52,TM1,57
1x53,TM1,58
1x54,TM1,59
1x55,TM1,60
1x56,TM1,61
1x57,TM1,62
1x58,TM1,63
1x59,TM1,64
1x60,TM1,65
12x48,ICL1,66
12x49,ICL1,67
12x50,ICL1,68
12x51,ICL1,69
2x37,TM2,70
2x38,TM2,71
2x39,TM2,72
2x40,TM2,73
2x41,TM2,74
2x42,TM2,75
2x43,TM2,76
2x44,TM2,77
2x45,TM2,78
2x46,TM2,79
2x47,TM2,80
2x48,TM2,81
2x49,TM2,82
2x50,TM2,83
2x51,TM2,84
2x52,TM2,85
2x53,TM2,86
2x54,TM2,87
2x55,TM2,88
2x551,TM2,89
2x56,TM2,90
2x57,TM2,91
2x58,TM2,92
2x59,TM2,93
2x60,TM2,94
2x61,TM2,95
2x62,TM2,96
2x63,TM2,97
2x64,TM2,98
2x65,TM2,99
2x66,TM2,100
2x67,TM2,101
23x49,ECL1,102
23x50,ECL1,103
23x51,ECL1,104
23x52,ECL1,105
3x21,TM3,106
3x22,TM3,107
3x23,TM3,108
3x24,TM3,109
3x25,TM3,110
3x26,TM3,111
3x27,TM3,112
3x28,TM3,113
3x29,TM3,114
3x30,TM3,115
3x31,TM3,116
3x32,TM3,117
3x33,TM3,118
3x34,TM3,119
3x35,TM3,120
3x36,TM3,121
3x37,TM3,122
3x38,TM3,123
3x39,TM3,124
3x40,TM3,125
3x41,TM3,126
3x42,TM3,127
3x43,TM3,128
3x44,TM3,129
3x45,TM3,130
3x46,TM3,131
3x47,TM3,132
3x48,TM3,133
3x49,TM3,134
3x50,TM3,135
3x51,TM3,136
3x52,TM3,137
3x53,TM3,138
3x54,TM3,139
3x55,TM3,140
3x56,TM3,141
34x50,ICL2,142
34x51,ICL2,143
34x52,ICL2,144
34x53,ICL2,145
34x54,ICL2,146
34x55,ICL2,147
34x56,ICL2,148
4x38,TM4,149
4x39,TM4,150
4x40,TM4,151
4x41,TM4,152
4x42,TM4,153
4x43,TM4,154
4x44,TM4,155
4x45,TM4,156
4x46,TM4,157
4x47,TM4,158
4x48,TM4,159
4x49,TM4,160
4x50,TM4,161
4x51,TM4,162
4x52,TM4,163
4x53,TM4,164
4x54,TM4,165
4x55,TM4,166
4x56,TM4,167
4x57,TM4,168
4x58,TM4,169
4x59,TM4,170
4x60,TM4,171
4x61,TM4,172
4x62,TM4,173
ECL2,ECL2,174
ECL2,ECL2,175
ECL2,ECL2,176
ECL2,ECL2,177
ECL2,ECL2,178
ECL2,ECL2,179
ECL2,ECL2,180
ECL2,ECL2,181
ECL2,ECL2,182
ECL2,ECL2,183
ECL2,ECL2,184
ECL2,ECL2,185
ECL2,ECL2,186
45x50,ECL2,187
45x51,ECL2,188
45x52,ECL2,189
ECL2,ECL2,190
ECL2,ECL2,191
ECL2,ECL2,192
ECL2,ECL2,193
ECL2,ECL2,194
ECL2,ECL2,195
ECL2,ECL2,196
ECL2,ECL2,197
ECL2,ECL2,198
5x35,TM5,199
5x36,TM5,200
5x37,TM5,201
5x38,TM5,202
5x39,TM5,203
5x40,TM5,204
5x41,TM5,205
5x42,TM5,206
5x43,TM5,207
5x44,TM5,208
5x45,TM5,209
5x46,TM5,210
5x461,TM5,211
5x47,TM5,212
5x48,TM5,213
5x49,TM5,214
5x50,TM5,215
5x51,TM5,216
5x52,TM5,217
5x53,TM5,218
5x54,TM5,219
5x55,TM5,220
5x56,TM5,221
5x57,TM5,222
5x58,TM5,223
5x59,TM5,224
5x60,TM5,225
5x61,TM5,226
5x62,TM5,227
5x63,TM5,228
5x64,TM5,229
5x65,TM5,230
5x66,TM5,231
5x67,TM5,232
5x68,TM5,233
5x69,TM5,234
5x70,TM5,235
5x71,TM5,236
5x72,TM5,237
ICL3,ICL3,238
ICL3,ICL3,239
6x23,TM6,240
6x24,TM6,241
6x25,TM6,242
6x26,TM6,243
6x27,TM6,244
6x28,TM6,245
6x29,TM6,246
6x30,TM6,247
6x31,TM6,248
6x32,TM6,249
6x33,TM6,250
6x34,TM6,251
6x35,TM6,252
6x36,TM6,253
6x37,TM6,254
6x38,TM6,255
6x39,TM6,256
6x40,TM6,257
6x41,TM6,258
6x42,TM6,259
6x43,TM6,260
6x44,TM6,261
6x45,TM6,262
6x46,TM6,263
6x47,TM6,264
6x48,TM6,265
6x49,TM6,266
6x50,TM6,267
6x51,TM6,268
6x52,TM6,269
6x53,TM6,270
6x54,TM6,271
6x55,TM6,272
6x56,TM6,273
6x57,TM6,274
6x58,TM6,275
6x59,TM6,276
6x60,TM6,277
6x61,TM6,278
ECL3,ECL3,279
ECL3,ECL3,280
ECL3,ECL3,281
ECL3,ECL3,282
ECL3,ECL3,283
7x30,TM7,284
7x31,TM7,285
7x32,TM7,286
7x33,TM7,287
7x34,TM7,288
7x35,TM7,289
7x36,TM7,290
7x37,TM7,291
7x38,TM7,292
7x39,TM7,293
7x40,TM7,294
7x41,TM7,295
7x42,TM7,296
7x43,TM7,297
7x45,TM7,298
7x46,TM7,299
7x47,TM7,300
7x48,TM7,301
7x49,TM7,302
7x50,TM7,303
7x51,TM7,304
7x52,TM7,305
7x53,TM7,306
7x54,TM7,307
7x55,TM7,308
7x56,TM7,309
8x47,H8,310
8x48,H8,311
8x49,H8,312
8x50,H8,313
8x51,H8,314
8x52,H8,315
8x53,H8,316
8x54,H8,317
8x55,H8,318
8x56,H8,319
8x57,H8,320
8x58,H8,321
8x59,H8,322
