aa,residue,amino_acid,GPCRdb
M,1,M1,N-term
G,2,G2,N-term
Q,3,Q3,N-term
P,4,P4,N-term
G,5,G5,N-term
N,6,N6,N-term
G,7,G7,N-term
S,8,S8,N-term
A,9,A9,N-term
F,10,F10,N-term
L,11,L11,N-term
L,12,L12,N-term
A,13,A13,N-term
P,14,P14,N-term
N,15,N15,N-term
G,16,G16,N-term
S,17,S17,N-term
H,18,H18,N-term
A,19,A19,N-term
P,20,P20,N-term
D,21,D21,N-term
H,22,H22,N-term
D,23,D23,N-term
V,24,V24,N-term
T,25,T25,N-term
Q,26,Q26,1x25
E,27,E27,1x26
R,28,R28,1x27
D,29,D29,1x28
E,30,E30,1x29
V,31,V31,1x30
W,32,W32,1x31
V,33,V33,1x32
V,34,V34,1x33
G,35,G35,1x34
M,36,M36,1x35
G,37,G37,1x36
I,38,I38,1x37
V,39,V39,1x38
M,40,M40,1x39
S,41,S41,1x40
L,42,L42,1x41
I,43,I43,1x42
V,44,V44,1x43
L,45,L45,1x44
A,46,A46,1x45
I,47,I47,1x46
V,48,V48,1x47
F,49,F49,1x48
G,50,G50,1x49
N,51,N51,1x50
V,52,V52,1x51
L,53,L53,1x52
V,54,V54,1x53
I,55,I55,1x54
T,56,T56,1x55
A,57,A57,1x56
I,58,I58,1x57
A,59,A59,1x58
K,60,K60,1x59
F,61,F61,1x60
E,62,E62,12x48
R,63,R63,12x49
L,64,L64,12x50
Q,65,Q65,12x51
T,66,T66,2x37
V,67,V67,2x38
T,68,T68,2x39
N,69,N69,2x40
Y,70,Y70,2x41
F,71,F71,2x42
I,72,I72,2x43
T,73,T73,2x44
S,74,S74,2x45
L,75,L75,2x46
A,76,A76,2x47
C,77,C77,2x48
A,78,A78,2x49
D,79,D79,2x50
L,80,L80,2x51
V,81,V81,2x52
M,82,M82,2x53
G,83,G83,2x54
L,84,L84,2x55
A,85,A85,2x551
V,86,V86,2x56
V,87,V87,2x57
P,88,P88,2x58
F,89,F89,2x59
G,90,G90,2x60
A,91,A91,2x61
A,92,A92,2x62
H,93,H93,2x63
I,94,I94,2x64
L,95,L95,2x65
M,96,M96,2x66
K,97,K97,2x67
M,98,M98,23x49
W,99,W99,23x50
T,100,T100,23x51
F,101,F101,23x52
G,102,G102,3x21
N,103,N103,3x22
F,104,F104,3x23
W,105,W105,3x24
C,106,C106,3x25
E,107,E107,3x26
F,108,F108,3x27
W,109,W109,3x28
T,110,T110,3x29
S,111,S111,3x30
I,112,I112,3x31
D,113,D113,3x32
V,114,V114,3x33
L,115,L115,3x34
C,116,C116,3x35
V,117,V117,3x36
T,118,T118,3x37
A,119,A119,3x38
S,120,S120,3x39
I,121,I121,3x40
E,122,E122,3x41
T,123,T123,3x42
L,124,L124,3x43
C,125,C125,3x44
V,126,V126,3x45
I,127,I127,3x46
A,128,A128,3x47
V,129,V129,3x48
D,130,D130,3x49
R,131,R131,3x50
Y,132,Y132,3x51
F,133,F133,3x52
A,134,A134,3x53
I,135,I135,3x54
T,136,T136,3x55
S,137,S137,3x56
P,138,P138,34x50
F,139,F139,34x51
K,140,K140,34x52
Y,141,Y141,34x53
Q,142,Q142,34x54
S,143,S143,34x55
L,144,L144,34x56
L,145,L145,34x57
T,146,T146,4x38
K,147,K147,4x39
N,148,N148,4x40
K,149,K149,4x41
A,150,A150,4x42
R,151,R151,4x43
V,152,V152,4x44
I,153,I153,4x45
I,154,I154,4x46
L,155,L155,4x47
M,156,M156,4x48
V,157,V157,4x49
W,158,W158,4x50
I,159,I159,4x51
V,160,V160,4x52
S,161,S161,4x53
G,162,G162,4x54
L,163,L163,4x55
T,164,T164,4x56
S,165,S165,4x57
F,166,F166,4x58
L,167,L167,4x59
P,168,P168,4x60
I,169,I169,4x61
Q,170,Q170,4x62
M,171,M171,4x63
H,172,H172,4x64
W,173,W173,ECL2
Y,174,Y174,ECL2
R,175,R175,ECL2
A,176,A176,ECL2
T,177,T177,ECL2
H,178,H178,ECL2
Q,179,Q179,ECL2
E,180,E180,ECL2
A,181,A181,ECL2
I,182,I182,ECL2
N,183,N183,ECL2
C,184,C184,ECL2
Y,185,Y185,ECL2
A,186,A186,ECL2
N,187,N187,ECL2
E,188,E188,ECL2
T,189,T189,ECL2
C,190,C190,ECL2
C,191,C191,45x50
D,192,D192,45x51
F,193,F193,45x52
F,194,F194,ECL2
T,195,T195,ECL2
N,196,N196,5x36
Q,197,Q197,5x37
A,198,A198,5x38
Y,199,Y199,5x39
A,200,A200,5x40
I,201,I201,5x41
A,202,A202,5x42
S,203,S203,5x43
S,204,S204,5x44
I,205,I205,5x45
V,206,V206,5x46
S,207,S207,5x461
F,208,F208,5x47
Y,209,Y209,5x48
V,210,V210,5x49
P,211,P211,5x50
L,212,L212,5x51
V,213,V213,5x52
I,214,I214,5x53
M,215,M215,5x54
V,216,V216,5x55
F,217,F217,5x56
V,218,V218,5x57
Y,219,Y219,5x58
S,220,S220,5x59
R,221,R221,5x60
V,222,V222,5x61
F,223,F223,5x62
Q,224,Q224,5x63
E,225,E225,5x64
A,226,A226,5x65
K,227,K227,5x66
R,228,R228,5x67
Q,229,Q229,5x68
L,230,L230,5x69
Q,231,Q231,5x70
K,232,K232,5x71
I,233,I233,5x72
D,234,D234,5x73
K,235,K235,5x74
S,236,S236,5x75
E,237,E237,5x76
G,238,G238,ICL3
R,239,R239,ICL3
F,240,F240,ICL3
H,241,H241,ICL3
V,242,V242,ICL3
Q,243,Q243,ICL3
N,244,N244,ICL3
L,245,L245,ICL3
S,246,S246,ICL3
Q,247,Q247,ICL3
V,248,V248,ICL3
E,249,E249,ICL3
Q,250,Q250,ICL3
D,251,D251,ICL3
G,252,G252,ICL3
R,253,R253,ICL3
T,254,T254,ICL3
G,255,G255,ICL3
H,256,H256,ICL3
G,257,G257,ICL3
L,258,L258,ICL3
R,259,R259,ICL3
R,260,R260,ICL3
S,261,S261,ICL3
S,262,S262,6x24
K,263,K263,6x25
F,264,F264,6x26
C,265,C265,6x27
L,266,L266,6x28
K,267,K267,6x29
E,268,E268,6x30
H,269,H269,6x31
K,270,K270,6x32
A,271,A271,6x33
L,272,L272,6x34
K,273,K273,6x35
T,274,T274,6x36
L,275,L275,6x37
G,276,G276,6x38
I,277,I277,6x39
I,278,I278,6x40
M,279,M279,6x41
G,280,G280,6x42
T,281,T281,6x43
F,282,F282,6x44
T,283,T283,6x45
L,284,L284,6x46
C,285,C285,6x47
W,286,W286,6x48
L,287,L287,6x49
P,288,P288,6x50
F,289,F289,6x51
F,290,F290,6x52
I,291,I291,6x53
V,292,V292,6x54
N,293,N293,6x55
I,294,I294,6x56
V,295,V295,6x57
H,296,H296,6x58
V,297,V297,6x59
I,298,I298,6x60
Q,299,Q299,6x61
D,300,D300,ECL3
N,301,N301,ECL3
L,302,L302,ECL3
I,303,I303,ECL3
R,304,R304,7x30
K,305,K305,7x31
E,306,E306,7x32
V,307,V307,7x33
Y,308,Y308,7x34
I,309,I309,7x35
L,310,L310,7x36
L,311,L311,7x37
N,312,N312,7x38
W,313,W313,7x39
I,314,I314,7x40
G,315,G315,7x41
Y,316,Y316,7x42
V,317,V317,7x43
N,318,N318,7x45
S,319,S319,7x46
G,320,G320,7x47
F,321,F321,7x48
N,322,N322,7x49
P,323,P323,7x50
L,324,L324,7x51
I,325,I325,7x52
Y,326,Y326,7x53
C,327,C327,7x54
R,328,R328,7x55
S,329,S329,8x47
P,330,P330,8x48
D,331,D331,8x49
F,332,F332,8x50
R,333,R333,8x51
I,334,I334,8x52
A,335,A335,8x53
F,336,F336,8x54
Q,337,Q337,8x55
E,338,E338,8x56
L,339,L339,8x57
L,340,L340,8x58
C,341,C341,8x59
L,342,L342,C-term
R,343,R343,C-term
R,344,R344,C-term
S,345,S345,C-term
S,346,S346,C-term
L,347,L347,C-term
K,348,K348,C-term
A,349,A349,C-term
Y,350,Y350,C-term
G,351,G351,C-term
N,352,N352,C-term
G,353,G353,C-term
Y,354,Y354,C-term
S,355,S355,C-term
S,356,S356,C-term
N,357,N357,C-term
G,358,G358,C-term
N,359,N359,C-term
T,360,T360,C-term
G,361,G361,C-term
E,362,E362,C-term
Q,363,Q363,C-term
S,364,S364,C-term
G,365,G365,C-term
Y,366,Y366,C-term
H,367,H367,C-term
V,368,V368,C-term
E,369,E369,C-term
Q,370,Q370,C-term
E,371,E371,C-term
K,372,K372,C-term
E,373,E373,C-term
N,374,N374,C-term
K,375,K375,C-term
L,376,L376,C-term
L,377,L377,C-term
C,378,C378,C-term
E,379,E379,C-term
D,380,D380,C-term
L,381,L381,C-term
P,382,P382,C-term
G,383,G383,C-term
T,384,T384,C-term
E,385,E385,C-term
D,386,D386,C-term
F,387,F387,C-term
V,388,V388,C-term
G,389,G389,C-term
H,390,H390,C-term
Q,391,Q391,C-term
G,392,G392,C-term
T,393,T393,C-term
V,394,V394,C-term
P,395,P395,C-term
S,396,S396,C-term
D,397,D397,C-term
N,398,N398,C-term
I,399,I399,C-term
D,400,D400,C-term
S,401,S401,C-term
Q,402,Q402,C-term
G,403,G403,C-term
R,404,R404,C-term
N,405,N405,C-term
C,406,C406,C-term
S,407,S407,C-term
T,408,T408,C-term
N,409,N409,C-term
D,410,D410,C-term
S,411,S411,C-term
L,412,L412,C-term
L,413,L413,C-term
